mirnaid,refseqid,genesymbol,duplex,start,end,bindingp,energy,seed,accessibility,au,phylopstem,phylopflank,me,number_of_pairings,binding_region_length,longest_consecutive_pairings,position,validated,TargetScan,miRDB
hsa-miR-139-5p,NM_001346516,LCOR,TCTACAGTGCACGTGTCTCCAGT#GCTGGAGATGCTGTAGTGTT#...(((.((((.(((((((((((#))))))))))))))).))).,8763,8783,1.0,-24.8,0,9.907967e-06,0.544,0.10417636363636365,-0.24891306625,-11.405030038146412,18,20,15,3UTR,MIRT057685,1,1
hsa-miR-139-5p,NM_001349242,PDE4D,TCTACAGTGCACGTGTCTCCAGT#ATTGCAGAAAAGGCTCAATATCCAAGAGACAGGGACTAATGCACTGTAC#..((((((((((.((((((....#.)))))).)......))))))))).,5235,5284,1.0,-22.3,1,0.008488152,0.544,0.62287146875,0.5474085249999999,-6.246131332038532,16,25,9,3UTR,MIRT734286,1,1
hsa-miR-139-5p,XM_047437733,BCL2,TCTACAGTGCACGTGTCTCCAGT#AGACATGTATCACTGTAGAG#(((((((((.((((((((.....#))))))))..))))))))).,3358,3378,1.0,-23.1,1,0.005042428,0.441,0.0,0.0,-5.180080914529843,17,20,9,3UTR,MIRT732232,0,1
hsa-miR-139-5p,NM_001395198,ZBTB34,TCTACAGTGCACGTGTCTCCAGT#GCTGGCAAACACGTTACTGTATGAA#(((((((((.((((((.((((((#))))).).))))))))))))).)).,3214,3239,1.0,-22.6,1,0.00263402,0.618,0.0,0.0,-5.180080914529843,21,25,13,3UTR,MIRT393791,1,1
hsa-miR-139-5p,NM_001197218,PDE4D,TCTACAGTGCACGTGTCTCCAGT#ATTGCAGAAAAGGCTCAATATCCAAGAGACAGGGACTAATGCACTGTAC#..((((((((((.((((((....#.)))))).)......))))))))).,5291,5340,1.0,-22.3,1,0.008488152,0.544,0.01062900000000002,0.8392914437499999,-6.246131332038532,16,25,9,3UTR,MIRT734286,1,1
hsa-miR-139-5p,NM_001197221,PDE4D,TCTACAGTGCACGTGTCTCCAGT#GAGACAGGGACTAATGCACTGTAC#..((((((((((.((((((....#)))))).)......))))))))).,4780,4804,1.0,-22.1,1,0.008488152,0.544,1.227994,1.6679540375000002,-6.246131332038532,16,24,9,3UTR,MIRT734286,1,1
hsa-miR-139-5p,NM_001197223,PDE4D,TCTACAGTGCACGTGTCTCCAGT#ATTGCAGAAAAGGCTCAATATCCAAGAGACAGGGACTAATGCACTGTAC#..((((((((((.((((((....#.)))))).)......))))))))).,4633,4682,1.0,-22.3,1,0.008488152,0.544,0.5406223625,0.8959775549999999,-6.246131332038532,16,25,9,3UTR,MIRT734286,1,1
hsa-miR-139-5p,NM_001276464,NR5A2,TCTACAGTGCACGTGTCTCCAGT#GCATGTGTAATGTGGAT#((((((.(((((((((.......#))))))))).)))))).,4152,4169,1.0,-18.7,0,0.0006174405,0.676,0.0,0.0,-5.4812609810729835,15,17,9,3UTR,MIRT054410,1,1
hsa-miR-139-5p,NM_019842,KCNQ5,TCTACAGTGCACGTGTCTCCAGT#TTGGTGATTTAGCGCTGTGGC#.(((((((((....(((.((((.#)))).)))...))))))))).,3493,3514,1.0,-20.4,1,0.0001114243,0.618,1.9973232222222224,1.9097279999999999,-12.110873152550473,16,21,9,3UTR,MIRT710017,0,1
hsa-miR-139-5p,NM_001160130,KCNQ5,TCTACAGTGCACGTGTCTCCAGT#TTGGTGATTTAGCGCTGTGGC#.(((((((((....(((.((((.#)))).)))...))))))))).,3466,3487,1.0,-20.4,1,0.0001114243,0.618,1.9973232222222224,1.9097279999999999,-12.110873152550473,16,21,9,3UTR,MIRT710017,0,1
hsa-miR-139-5p,NM_001160133,KCNQ5,TCTACAGTGCACGTGTCTCCAGT#TTGGTGATTTAGCGCTGTGGC#.(((((((((....(((.((((.#)))).)))...))))))))).,3550,3571,1.0,-20.4,1,0.0001114243,0.618,1.9973232222222224,1.9097279999999999,-12.110873152550473,16,21,9,3UTR,MIRT710017,0,1
hsa-miR-139-5p,NM_001160134,KCNQ5,TCTACAGTGCACGTGTCTCCAGT#TTGGTGATTTAGCGCTGTGGC#.(((((((((....(((.((((.#)))).)))...))))))))).,3163,3184,1.0,-20.4,1,0.0001114243,0.618,1.9973232222222224,1.9097279999999999,-12.110873152550473,16,21,9,3UTR,MIRT710017,0,1
hsa-miR-139-5p,NM_001168344,RREB1,TCTACAGTGCACGTGTCTCCAGT#GCTGGGGACCCCTGTGCTTGCTGCAGT#.((.(((((((((.(((((((((#)))))))))...)))))..)))).)).,6960,6987,1.0,-24.7,0,0.0002958232,0.353,0.10186407555555557,0.008517452250000002,-7.682187029836714,20,27,9,3UTR,MIRT565944,0,1
hsa-miR-139-5p,NM_001170765,LCOR,TCTACAGTGCACGTGTCTCCAGT#ATTGGATATTGATATGCTGTGCTGTCAGAA#(((((((((((((((((((((((#))))))....)))))).)))))))).))).,8529,8559,1.0,-22.6,1,0.003085024,0.662,2.784676103448276,2.9873049875,-3.937574446201665,23,30,8,3UTR,MIRT057685,1,1
hsa-miR-139-5p,NM_001170766,LCOR,TCTACAGTGCACGTGTCTCCAGT#ATTGGATATTGATATGCTGTGCTGTCAGAA#(((((((((((((((((((((((#))))))....)))))).)))))))).))).,5952,5982,1.0,-22.6,1,0.003085024,0.662,2.784676103448276,2.9873049875,-3.937574446201665,23,30,8,3UTR,MIRT057685,1,1
hsa-miR-139-5p,NM_003822,NR5A2,TCTACAGTGCACGTGTCTCCAGT#GCATGTGTAATGTGGAT#((((((.(((((((((.......#))))))))).)))))).,3979,3996,1.0,-18.7,0,0.0006174405,0.676,0.0,0.0,-5.4812609810729835,15,17,9,3UTR,MIRT054410,1,1
hsa-miR-139-5p,NM_001099270,ZBTB34,TCTACAGTGCACGTGTCTCCAGT#GCTGGCAAACACGTTACTGTATGAA#(((((((((.((((((.((((((#))))).).))))))))))))).)).,3093,3118,1.0,-22.6,1,0.00263402,0.618,1.1912099,1.5240852475,-5.180080914529843,21,25,13,3UTR,MIRT393791,1,1
hsa-miR-139-5p,NM_001104631,PDE4D,TCTACAGTGCACGTGTCTCCAGT#GAGACAGGGACTAATGCACTGTAC#..((((((((((.((((((....#)))))).)......))))))))).,5273,5297,1.0,-22.1,1,0.008488152,0.544,0.72965665625,0.88770139375,-6.246131332038532,16,24,9,3UTR,MIRT734286,1,1
hsa-miR-139-5p,NM_032440,LCOR,TCTACAGTGCACGTGTCTCCAGT#ATTGGATATTGATATGCTGTGCTGTCAGAA#(((((((((((((((((((((((#))))))....)))))).)))))))).))).,8597,8627,1.0,-22.6,1,0.003085024,0.662,2.784676103448276,2.9873049875,-3.937574446201665,23,30,8,3UTR,MIRT057685,1,1
hsa-miR-139-5p,NM_080927,DCBLD2,TCTACAGTGCACGTGTCTCCAGT#ACTGCGTGATCGTGCACTTTGTGTGGT#.((((((((((((.(((.(((((#)))).).)))))))))))....)))).,3853,3880,1.0,-21.3,1,0.0008549301,0.559,2.7800969875,3.771917120437501,-4.650164754877524,20,27,11,3UTR,MIRT737558,1,1
hsa-miR-139-5p,NM_000633,BCL2,TCTACAGTGCACGTGTCTCCAGT#GCATGGGAGCCACGACCCTTCTTAAGACATGTATCACTGTAGAG#(((((((((.((((((((.....#.))))))))..))))))))).,2792,2836,1.0,-23.7,1,0.005042428,0.441,0.0,0.0,-5.180080914529843,17,21,9,3UTR,MIRT732232,0,1
hsa-miR-139-5p,NM_001003698,RREB1,TCTACAGTGCACGTGTCTCCAGT#GCTGGGGACCCCTGTGCTTGCTGCAGT#.((.(((((((((.(((((((((#)))))))))...)))))..)))).)).,7034,7061,1.0,-24.7,0,0.0002958232,0.353,0.0,0.0,-7.682187029836714,20,27,9,3UTR,MIRT565944,0,1
hsa-miR-139-5p,NM_001003699,RREB1,TCTACAGTGCACGTGTCTCCAGT#GCTGGGGACCCCTGTGCTTGCTGCAGT#.((.(((((((((.(((((((((#)))))))))...)))))..)))).)).,7199,7226,1.0,-24.7,0,0.0002958232,0.353,0.0,0.0,-7.682187029836714,20,27,9,3UTR,MIRT565944,0,1
hsa-miR-139-5p,NM_001003700,RREB1,TCTACAGTGCACGTGTCTCCAGT#GCTGGGGACCCCTGTGCTTGCTGCAGT#.((.(((((((((.(((((((((#)))))))))...)))))..)))).)).,6401,6428,1.0,-24.7,0,0.0002958232,0.353,0.0,0.0,-7.682187029836714,20,27,9,3UTR,MIRT565944,0,1
hsa-miR-144-3p,NM_001278438,FNDC3A,TACAGTATAGATGATGTACT#GTATTGTAACAGTTTTATGTCAAATGATCTGTGCTGTAG#((((((((((((.((.....#.)).)))))))))))).,5427,5466,0.9615384615384616,-17.8,1,0.02735613,0.706,3.8333666666666666,3.194684799999999,-5.459754139171521,14,17,12,3UTR,MIRT068846,1,1
hsa-miR-144-3p,NM_005544,IRS1,TACAGTATAGATGATGTACT#TGCATGGTCTGTATTGC#..((((((((((.(((((..#))))).)))))))))).,9450,9467,0.9692307692307692,-18.1,1,0.0003910415,0.662,0.4929044,0.6592959875000001,-6.246131332038532,15,17,10,3UTR,MIRT734527,1,1
hsa-miR-144-3p,NM_014923,FNDC3A,TACAGTATAGATGATGTACT#GTATTGTAACAGTTTTATGTCAAATGATCTGTGCTGTAG#((((((((((((.((.....#.)).)))))))))))).,5047,5086,1.0,-17.8,1,0.02735613,0.706,2.9402051666666664,2.9309899625000004,-5.459754139171521,14,17,12,3UTR,MIRT068846,1,1
hsa-miR-144-3p,NM_001079673,FNDC3A,TACAGTATAGATGATGTACT#GTATTGTAACAGTTTTATGTCAAATGATCTGTGCTGTAG#((((((((((((.((.....#.)).)))))))))))).,5437,5476,1.0,-17.8,1,0.02735613,0.706,2.9402051666666664,2.9309899625000004,-5.459754139171521,14,17,12,3UTR,MIRT068846,1,1
hsa-miR-182-5p,XM_024454126,FBXW7,TTTGGCAATGGTAGAACTCACACT#ACCATTGCCAAT#.(((((((((((............#))))))))))).,2276,2288,0.9615384615384616,-17.8,1,0.1343265,0.691,0.0,0.0,-6.907794008098015,11,12,11,3UTR,MIRT437908,1,1
hsa-miR-182-5p,XM_047415898,FBXW7,TTTGGCAATGGTAGAACTCACACT#ACCATTGCCAAT#.(((((((((((............#))))))))))).,3200,3212,0.9615384615384616,-17.8,1,0.1343265,0.691,0.0,0.0,-6.907794008098015,11,12,11,3UTR,MIRT437908,1,1
hsa-miR-182-5p,NM_001013415,FBXW7,TTTGGCAATGGTAGAACTCACACT#ACCATTGCCAAT#.(((((((((((............#))))))))))).,2524,2536,0.9615384615384616,-17.8,1,0.1343265,0.691,0.0,0.0,-6.907794008098015,11,12,11,3UTR,MIRT437908,1,1
hsa-miR-182-5p,NM_001330655,DDAH1,TTTGGCAATGGTAGAACTCACACT#GTGTGCCTCTTCTACATTGCA#....(((((.((((((..(((((.#)))))....))))))))))).,2874,2895,1.0,-17.9,0,0.02154131,0.559,4.249721666666666,1.80276537,-10.789068936966107,16,21,11,3UTR,MIRT558452,1,1
hsa-miR-182-5p,NM_001350197,EVI5,TTTGGCAATGGTAGAACTCACACT#TGATTTACCATTGCCAT#..(((((((((((((..(((....#)))))))))))))))).,3025,3042,1.0,-20.6,1,0.004053033,0.662,0.0,0.0,-5.1900497996759025,16,17,16,3UTR,MIRT047210,1,1
hsa-miR-182-5p,NM_001354604,MITF,TTTGGCAATGGTAGAACTCACACT#TTGCCATTGCCT#...(((((((((((..........#))))))))))).,4078,4090,1.0,-17.7,0,0.4386668,0.426,-0.5068685454545454,0.7076085975,-7.483038834232987,11,12,11,3UTR,MIRT001990,1,1
hsa-miR-182-5p,NM_001354607,MITF,TTTGGCAATGGTAGAACTCACACT#TTGCCATTGCCT#...(((((((((((..........#))))))))))).,4189,4201,1.0,-17.7,0,0.4386668,0.426,0.0,0.0,-7.483038834232987,11,12,11,3UTR,MIRT001990,1,1
hsa-miR-182-5p,XM_047437733,BCL2,TTTGGCAATGGTAGAACTCACACT#TGTGCTGCTATCCTGCCAAAA#((((((((((((((....((((..#)))))))))))..))))))).,4670,4691,1.0,-17.7,1,0.03281161,0.618,0.0,0.0,-4.906073086755913,18,21,11,3UTR,MIRT007063,1,1
hsa-miR-182-5p,NM_178457,ZNF831,TTTGGCAATGGTAGAACTCACACT#TGGGGAACCATTGCCAC#..((((((((((....((((....#))))..)))))))))).,7411,7428,1.0,-19.4,1,9.020147e-06,0.485,0.0,0.0,-8.071469890113187,14,17,10,3UTR,MIRT650974,0,1
hsa-miR-182-5p,NM_198158,MITF,TTTGGCAATGGTAGAACTCACACT#TTGCCATTGCCT#...(((((((((((..........#))))))))))).,3736,3748,1.0,-17.7,0,0.4386668,0.426,-0.293287090909091,-0.009728616250000002,-7.483038834232987,11,12,11,3UTR,MIRT001990,1,1
hsa-miR-182-5p,NM_198159,MITF,TTTGGCAATGGTAGAACTCACACT#TTGCCATTGCCT#...(((((((((((..........#))))))))))).,4060,4072,1.0,-17.7,0,0.4386668,0.426,2.3543563636363634,0.83935166125,-7.483038834232987,11,12,11,3UTR,MIRT001990,1,1
hsa-miR-182-5p,NM_198177,MITF,TTTGGCAATGGTAGAACTCACACT#TTGCCATTGCCT#...(((((((((((..........#))))))))))).,3945,3957,1.0,-17.7,0,0.4386668,0.426,0.0,0.0,-7.483038834232987,11,12,11,3UTR,MIRT001990,1,1
hsa-miR-182-5p,NM_198178,MITF,TTTGGCAATGGTAGAACTCACACT#TTGCCATTGCCT#...(((((((((((..........#))))))))))).,3568,3580,1.0,-17.7,0,0.4386668,0.426,0.0,0.0,-7.483038834232987,11,12,11,3UTR,MIRT001990,1,1
hsa-miR-182-5p,NM_001384354,ZNF831,TTTGGCAATGGTAGAACTCACACT#TGGGGAACCATTGCCAC#..((((((((((....((((....#))))..)))))))))).,8530,8547,1.0,-19.4,1,9.020147e-06,0.485,0.0,0.0,-8.071469890113187,14,17,10,3UTR,MIRT650974,0,1
hsa-miR-182-5p,NM_016529,ATP8A2,TTTGGCAATGGTAGAACTCACACT#GGTGTGTGGGGTTTTTTGTTGCCT#...((((((((.((((((((((((#))))))...)))))))))))))).,9418,9442,1.0,-19.5,0,9.756967e-05,0.485,0.7012726533333334,1.9550951150000004,-9.861343503275094,20,24,14,3UTR,MIRT738069,1,1
hsa-miR-182-5p,NM_020772,NUFIP2,TTTGGCAATGGTAGAACTCACACT#TGTTGAGTCTCCTGCCTGCTTGCCAAAA#((((((((.(((((.(((((((..#))).))))...)))))...)))))))).,4156,4184,1.0,-22.0,1,0.0007776151,0.574,0.14048845,0.09165716500000004,-5.729413664698063,20,28,8,3UTR,MIRT047206,1,1
hsa-miR-182-5p,NM_001184967,MITF,TTTGGCAATGGTAGAACTCACACT#TTGCCATTGCCT#...(((((((((((..........#))))))))))).,4011,4023,1.0,-17.7,0,0.4386668,0.426,-0.5068685454545454,0.7076085975,-7.483038834232987,11,12,11,3UTR,MIRT001990,1,1
hsa-miR-182-5p,NM_005665,EVI5,TTTGGCAATGGTAGAACTCACACT#TGATTTACCATTGCCAT#..(((((((((((((..(((....#)))))))))))))))).,2639,2656,1.0,-20.6,1,0.004053033,0.662,0.12659523076923074,0.03323202000000001,-5.1900497996759025,16,17,16,3UTR,MIRT047210,1,1
hsa-miR-182-5p,NM_006722,MITF,TTTGGCAATGGTAGAACTCACACT#TTGCCATTGCCT#...(((((((((((..........#))))))))))).,3954,3966,1.0,-17.7,0,0.4386668,0.426,-0.5068685454545454,0.7076085975,-7.483038834232987,11,12,11,3UTR,MIRT001990,1,1
hsa-miR-182-5p,NM_001127384,CTNNA3,TTTGGCAATGGTAGAACTCACACT#GAGGACAACCTTTGCCAAAT#((((((((.(((.(..(((.....#)))..).))).)))))))).,8360,8380,1.0,-19.8,1,0.1912897,0.662,0.0,0.0,-7.251593357667919,15,20,8,3UTR,MIRT442967,0,1
hsa-miR-182-5p,NM_139245,PPM1L,TTTGGCAATGGTAGAACTCACACT#GTGTGAGCATCTACTATGTGCCAGGC#(((((((((((((((.(((((((.#)))))))..)))))))).))))))).,8983,9009,1.0,-28.5,1,0.002785878,0.574,-0.21728639375000003,-0.030523457499999976,-4.1706235265052785,22,26,8,3UTR,MIRT654840,1,1
hsa-miR-182-5p,NM_001297570,IL31RA,TTTGGCAATGGTAGAACTCACACT#CTGCCCCTGCCAAAT#(((((((..(((((..........#)))))..))))))).,2079,2094,1.0,-16.8,1,0.02633685,0.529,-0.18621324285714283,-0.070808065,-8.276097674182306,12,15,7,3UTR,MIRT763002,0,1
hsa-miR-182-5p,NM_001308248,EVI5,TTTGGCAATGGTAGAACTCACACT#TGATTTACCATTGCCAT#..(((((((((((((..(((....#)))))))))))))))).,2672,2689,1.0,-20.6,1,0.004053033,0.662,-0.24369153846153843,0.049066506249999996,-5.1900497996759025,16,17,16,3UTR,MIRT047210,1,1
hsa-miR-182-5p,NM_001317911,PPM1L,TTTGGCAATGGTAGAACTCACACT#GTGTGAGCATCTACTATGTGCCAGGC#(((((((((((((((.(((((((.#)))))))..)))))))).))))))).,8650,8676,1.0,-28.5,1,0.002785878,0.574,-0.21728639375000003,-0.030523457499999976,-4.1706235265052785,22,26,8,3UTR,MIRT654840,1,1
hsa-miR-182-5p,NM_001317912,PPM1L,TTTGGCAATGGTAGAACTCACACT#GTGTGAGCATCTACTATGTGCCAGGC#(((((((((((((((.(((((((.#)))))))..)))))))).))))))).,8750,8776,1.0,-28.5,1,0.002785878,0.574,-0.21728639375000003,-0.030523457499999976,-4.1706235265052785,22,26,8,3UTR,MIRT654840,1,1
hsa-miR-182-5p,NM_000248,MITF,TTTGGCAATGGTAGAACTCACACT#TTGCCATTGCCT#...(((((((((((..........#))))))))))).,3754,3766,1.0,-17.7,0,0.4386668,0.426,-0.5068685454545454,0.7076085975,-7.483038834232987,11,12,11,3UTR,MIRT001990,1,1
hsa-miR-182-5p,NM_000633,BCL2,TTTGGCAATGGTAGAACTCACACT#TGTGCTGCTATCCTGCCAAAA#((((((((((((((....((((..#)))))))))))..))))))).,4128,4149,1.0,-17.7,1,0.03281161,0.618,0.0,0.0,-4.906073086755913,18,21,11,3UTR,MIRT007063,1,1
hsa-miR-183-5p,NM_002336,LRP6,TATGGCACTGGTAGAATTCACT#GATTTGCTGCTTGTGCCATAA#((((((((.(((((((.((...#)).)).))))).)))))))).,5347,5368,0.9615384615384616,-20.7,1,0.005206862,0.75,7.46620625,5.053752559875001,-4.993964104447428,17,21,8,3UTR,MIRT052934,0,1
hsa-miR-183-5p,NM_001351063,KLRD1,TATGGCACTGGTAGAATTCACT#GGTCTATATGTTCATCTTTATGCCAGTGCCATAT#(((((((((((((.........#.))))))))))))).,13136,13170,1.0,-22.8,1,0.02087908,0.721,0.1510526923076923,0.09760961250000003,-5.762913004276319,13,15,13,3UTR,MIRT527794,0,1
hsa-miR-183-5p,XM_047417377,ERBIN,TATGGCACTGGTAGAATTCACT#GGTCCTTGAGGCCTGCCAGTGTG#....((((((((((..((((..#.))))..)))))))))).,5909,5932,1.0,-20.1,0,9.651441e-05,0.529,0.0,0.0,-10.515061109192176,14,18,10,3UTR,MIRT703885,0,1
hsa-miR-183-5p,XM_047417379,ERBIN,TATGGCACTGGTAGAATTCACT#GGTCCTTGAGGCCTGCCAGTGTG#....((((((((((..((((..#.))))..)))))))))).,5786,5809,1.0,-20.1,0,9.651441e-05,0.529,0.0,0.0,-10.515061109192176,14,18,10,3UTR,MIRT703885,0,1
hsa-miR-183-5p,XM_047417385,ERBIN,TATGGCACTGGTAGAATTCACT#GGTCCTTGAGGCCTGCCAGTGTG#....((((((((((..((((..#.))))..)))))))))).,5435,5458,1.0,-20.1,0,9.651441e-05,0.529,0.0,0.0,-10.515061109192176,14,18,10,3UTR,MIRT703885,0,1
hsa-miR-183-5p,XM_047437938,SOCS6,TATGGCACTGGTAGAATTCACT#GGTTAATGCAATGTCTCTGCTAGTGCTAC#..(((((((((((((.......#.))))))))))))).,5036,5065,1.0,-20.5,1,0.005876988,0.676,0.0,0.0,-5.1900497996759025,13,15,13,3UTR,MIRT735272,0,1
hsa-miR-183-5p,NM_001375781,FOXN2,TATGGCACTGGTAGAATTCACT#GGTGAATTCGAGTATTTTAATGTTATACCTGCCATTTTTTTTCTTAAAGCATATTCTTTGCATCTAACTGCCAGTGCCATT#.(((((((((((((........#.))))))))))))).,4765,4846,1.0,-24.3,1,0.04262456,0.676,0.0,0.0,-4.761823477911366,13,15,13,3UTR,MIRT047161,0,1
hsa-miR-183-5p,NM_001376372,CELF1,TATGGCACTGGTAGAATTCACT#GTGAATTGGCAGAGGAGAGAGCTGTGCTCCATAGGGTGCTGCCGGTGCTGTGC#((((((((((((((....((((#.)))))))))))))))))).,4001,4054,1.0,-22.9,1,8.122263e-05,0.412,0.0,0.0,-4.906073086755913,18,20,18,3UTR,MIRT572175,0,1
hsa-miR-183-5p,NM_001379403,WDR26,TATGGCACTGGTAGAATTCACT#AGTGTTCTGCCTCTACAGTGGCATAT#((((.(((((((((((..((((#))))))))))).....)))).)))).,5920,5946,1.0,-19.5,0,0.0001027199,0.647,0.0,0.0,-8.056611621014136,19,26,11,3UTR,MIRT271532,0,1
hsa-miR-183-5p,NM_001191005,SRSF10,TATGGCACTGGTAGAATTCACT#GGTGATTCTGTGGTGCCATGA#(((((((((..(((((.(((((#)))))))))).))))))))).,2135,2156,1.0,-21.8,1,0.003080489,0.632,2.430946,2.1366289162499994,-8.004855389940193,19,21,10,3UTR,MIRT047131,0,1
hsa-miR-183-5p,NM_001191005,SRSF10,TATGGCACTGGTAGAATTCACT#TGAATATCAAGGAAGACAGCCATAGTCTCTTACAGTGCCT#...(((((((..(((.......#.)))..))))))).,4627,4667,1.0,-18.0,0,0.002813417,0.559,1.2658688571428571,0.8897768050000003,-12.919167058989059,10,14,7,3UTR,MIRT047131,0,1
hsa-miR-183-5p,NM_001243952,KIF2A,TATGGCACTGGTAGAATTCACT#GTGACTAGTTAATTTTGCAGGATGTGCCATAT#((((((((..((((((((.(((#.))).)))))))).....)))))))).,3185,3217,1.0,-19.4,1,0.00518012,0.618,2.9225642499999998,3.0015009499999996,-6.236470572775607,19,27,8,3UTR,MIRT004016,0,1
hsa-miR-183-5p,NM_001243953,KIF2A,TATGGCACTGGTAGAATTCACT#GTGACTAGTTAATTTTGCAGGATGTGCCATAT#((((((((..((((((((.(((#.))).)))))))).....)))))))).,2925,2957,1.0,-19.4,1,0.00518012,0.618,2.55696725,2.920902960125,-6.236470572775607,19,27,8,3UTR,MIRT004016,0,1
hsa-miR-183-5p,NM_001253697,ERBIN,TATGGCACTGGTAGAATTCACT#GGTCCTTGAGGCCTGCCAGTGTG#....((((((((((..((((..#.))))..)))))))))).,5677,5700,1.0,-20.1,0,9.651441e-05,0.529,1.1884842,2.3410647062499996,-10.515061109192176,14,18,10,3UTR,MIRT703885,0,1
hsa-miR-183-5p,NM_001253698,ERBIN,TATGGCACTGGTAGAATTCACT#GGTCCTTGAGGCCTGCCAGTGTG#....((((((((((..((((..#.))))..)))))))))).,5479,5502,1.0,-20.1,0,9.651441e-05,0.529,1.1884842,2.3410647062499996,-10.515061109192176,14,18,10,3UTR,MIRT703885,0,1
hsa-miR-183-5p,NM_001253699,ERBIN,TATGGCACTGGTAGAATTCACT#GGTCCTTGAGGCCTGCCAGTGTG#....((((((((((..((((..#.))))..)))))))))).,5698,5721,1.0,-20.1,0,9.651441e-05,0.529,1.1884842,2.3410647062499996,-10.515061109192176,14,18,10,3UTR,MIRT703885,0,1
hsa-miR-183-5p,NM_001253701,ERBIN,TATGGCACTGGTAGAATTCACT#GGTCCTTGAGGCCTGCCAGTGTG#....((((((((((..((((..#.))))..)))))))))).,5542,5565,1.0,-20.1,0,9.651441e-05,0.529,1.1884842,2.3410647062499996,-10.515061109192176,14,18,10,3UTR,MIRT703885,0,1
hsa-miR-183-5p,NM_018695,ERBIN,TATGGCACTGGTAGAATTCACT#GGTCCTTGAGGCCTGCCAGTGTG#....((((((((((..((((..#.))))..)))))))))).,5554,5577,1.0,-20.1,0,9.651441e-05,0.529,1.1884842,2.3410647062499996,-10.515061109192176,14,18,10,3UTR,MIRT703885,0,1
hsa-miR-183-5p,NM_001172639,CELF1,TATGGCACTGGTAGAATTCACT#GTGAATTGGCAGAGGAGAGAGCTGTGCTCCATAGGGTGCTGCCGGTGCTGTGC#((((((((((((((....((((#.)))))))))))))))))).,3185,3238,1.0,-22.9,1,8.122263e-05,0.412,2.8315679142857144,1.4388934724999995,-4.906073086755913,18,20,18,3UTR,MIRT572175,0,1
hsa-miR-183-5p,NM_001172640,CELF1,TATGGCACTGGTAGAATTCACT#GTGAATTGGCAGAGGAGAGAGCTGTGCTCCATAGGGTGCTGCCGGTGCTGTGC#((((((((((((((....((((#.)))))))))))))))))).,3731,3784,1.0,-22.9,1,8.122263e-05,0.412,0.39566150714285714,0.22165104875,-4.906073086755913,18,20,18,3UTR,MIRT572175,0,1
hsa-miR-183-5p,NM_007334,KLRD1,TATGGCACTGGTAGAATTCACT#GGTCTATATGTTCATCTTTATGCCAGTGCCATAT#(((((((((((((.........#.))))))))))))).,13106,13140,1.0,-22.8,1,0.02087908,0.721,0.0,0.0,-5.762913004276319,13,15,13,3UTR,MIRT527794,0,1
hsa-miR-183-5p,NM_002158,FOXN2,TATGGCACTGGTAGAATTCACT#GGTGAATTCGAGTATTTTAATGTTATACCTGCCATTTTTTTTCTTAAAGCATATTCTTTGCATCTAACTGCCAGTGCCATT#.(((((((((((((........#.))))))))))))).,4923,5004,1.0,-24.3,1,0.04262456,0.676,0.0,0.0,-4.761823477911366,13,15,13,3UTR,MIRT047161,0,1
hsa-miR-183-5p,NM_002262,KLRD1,TATGGCACTGGTAGAATTCACT#GGTCTATATGTTCATCTTTATGCCAGTGCCATAT#(((((((((((((.........#.))))))))))))).,13199,13233,1.0,-22.8,1,0.02087908,0.721,0.0,0.0,-5.762913004276319,13,15,13,3UTR,MIRT527794,0,1
hsa-miR-183-5p,NM_004232,SOCS6,TATGGCACTGGTAGAATTCACT#GGTTAATGCAATGTCTCTGCTAGTGCTAC#..(((((((((((((.......#.))))))))))))).,4940,4969,1.0,-20.5,1,0.005876988,0.676,0.0,0.0,-5.1900497996759025,13,15,13,3UTR,MIRT735272,0,1
hsa-miR-183-5p,NM_001098511,KIF2A,TATGGCACTGGTAGAATTCACT#GTGACTAGTTAATTTTGCAGGATGTGCCATAT#((((((((..((((((((.(((#.))).)))))))).....)))))))).,3096,3128,1.0,-19.4,1,0.00518012,0.618,2.9225642499999998,3.0015009499999996,-6.236470572775607,19,27,8,3UTR,MIRT004016,0,1
hsa-miR-183-5p,NM_001114396,KLRD1,TATGGCACTGGTAGAATTCACT#GGTCTATATGTTCATCTTTATGCCAGTGCCATAT#(((((((((((((.........#.))))))))))))).,13193,13227,1.0,-22.8,1,0.02087908,0.721,0.0,0.0,-5.762913004276319,13,15,13,3UTR,MIRT527794,0,1
hsa-miR-183-5p,NM_001115113,WDR26,TATGGCACTGGTAGAATTCACT#AGTGTTCTGCCTCTACAGTGGCATAT#((((.(((((((((((..((((#))))))))))).....)))).)))).,5872,5898,1.0,-19.5,0,0.0001027199,0.647,0.0,0.0,-8.056611621014136,19,26,11,3UTR,MIRT271532,0,1
hsa-miR-183-5p,NM_054016,SRSF10,TATGGCACTGGTAGAATTCACT#GGTGATTCTGTGGTGCCATGA#(((((((((..(((((.(((((#)))))))))).))))))))).,2138,2159,1.0,-21.8,1,0.003080489,0.632,2.701500444444444,2.1246141412499995,-8.004855389940193,19,21,10,3UTR,MIRT047131,0,1
hsa-miR-183-5p,NM_054016,SRSF10,TATGGCACTGGTAGAATTCACT#TGAATATCAAGGAAGACAGCCATAGTCTCTTACAGTGCCT#...(((((((..(((.......#.)))..))))))).,4630,4670,1.0,-18.0,0,0.002813417,0.559,1.0090403142857143,0.86505723,-12.919167058989059,10,14,7,3UTR,MIRT047131,0,1
hsa-miR-183-5p,NM_001006600,ERBIN,TATGGCACTGGTAGAATTCACT#GGTCCTTGAGGCCTGCCAGTGTG#....((((((((((..((((..#.))))..)))))))))).,5347,5370,1.0,-20.1,0,9.651441e-05,0.529,0.0,0.0,-10.515061109192176,14,18,10,3UTR,MIRT703885,0,1
hsa-miR-183-5p,NM_001010879,ZIK1,TATGGCACTGGTAGAATTCACT#GTGATTTCCACCAGTGTTG#...(((((((((.(((.((((.#)))).))).))))))))).,2982,3001,1.0,-22.0,0,0.002738126,0.559,0.0,0.0,-7.803670806344982,16,19,9,3UTR,MIRT552510,0,1
hsa-miR-21-5p,NM_001040450,MINDY2,TAGCTTATCAGACTGATGTTGA#TCATAACTCATATCAGTTAGTAAGCTAT#((((((((..((((((((.(((#.))))))))))).)))))))).,2257,2285,0.9615384615384616,-18.7,1,0.02043338,0.691,0.0,0.0,-6.236470572775607,19,22,11,3UTR,MIRT030791,1,1
hsa-miR-21-5p,NM_001040453,MINDY2,TAGCTTATCAGACTGATGTTGA#TCATAACTCATATCAGTTAGTAAGCTAT#((((((((..((((((((.(((#.))))))))))).)))))))).,2254,2282,0.9615384615384616,-18.7,1,0.02043338,0.691,0.0,0.0,-6.236470572775607,19,22,11,3UTR,MIRT030791,1,1
hsa-miR-21-5p,NM_001330655,DDAH1,TAGCTTATCAGACTGATGTTGA#GCCAGTATATTCTGAAGAATGTCTTCTTGATCAGTCAGATAAGCTT#.((((((((.(((((((...((#.))...))))))).)))))))).,1000,1046,1.0,-21.6,1,0.02788748,0.735,0.429301375,0.24408765000000002,-5.035831305685297,17,23,8,3UTR,MIRT030838,0,1
hsa-miR-21-5p,XM_047429465,SOX5,TAGCTTATCAGACTGATGTTGA#CAATATCAGTTCTGATGT#.....((((((((((((((((.#)))))))))).)))))).,4593,4611,1.0,-19.7,0,0.0003210631,0.676,0.0,0.0,-13.6655996434504,16,18,10,3UTR,MIRT000960,1,1
hsa-miR-21-5p,NM_152663,RALGPS2,TAGCTTATCAGACTGATGTTGA#TTAATATGCAAATGTGAGTGTGCGATCTTCAGTGTGTCTGCATAAGCTAA#(((((((((((((...((..((#.))..))....))))).)))))))).,7379,7429,1.0,-18.9,1,0.0003074143,0.632,2.635138792857142,2.2664044,-5.762913004276319,17,26,8,3UTR,MIRT030930,1,1
hsa-miR-21-5p,NM_198401,ANKRD46,TAGCTTATCAGACTGATGTTGA#AACTCAGTTCTATAAGCTAG#((((((((..((((((.(((..#)))))))))..)))))))).,1825,1845,1.0,-17.6,1,0.0007347334,0.676,1.21749972,0.9336316652500001,-6.236470572775607,17,20,9,3UTR,MIRT005773,1,1
hsa-miR-21-5p,NM_001195470,SATB1,TAGCTTATCAGACTGATGTTGA#TCAGGCCCTGATGAGCTT#.((((((((((.((((......#))))...)))))))))).,6123,6141,1.0,-17.9,1,7.768711e-05,0.5,5.004606,5.443983631249999,-7.140128146953473,14,18,10,3UTR,MIRT052948,1,1
hsa-miR-21-5p,NM_001201329,PPP1R3B,TAGCTTATCAGACTGATGTTGA#TCATCATCAGTAGATAAGCC#..(((((((..(((((((.(((#))).))))))).))))))).,4324,4344,1.0,-21.4,1,0.001064661,0.574,0.0,0.0,-9.02428166311082,17,20,7,3UTR,MIRT030758,1,1
hsa-miR-21-5p,NM_001278463,DNM1L,TAGCTTATCAGACTGATGTTGA#TCACCAACTGATGTCAAACATAAAAACCCCCACATCAGTCTGATAC#.....((((((((((((((...#.)))))))))))))).,3884,3930,1.0,-21.8,0,0.05610519,0.632,0.45634503571428564,0.15844562874999998,-13.6655996434504,14,16,14,3UTR,MIRT731893,0,1
hsa-miR-21-5p,NM_001278464,DNM1L,TAGCTTATCAGACTGATGTTGA#TCACCAACTGATGTCAAACATAAAAACCCCCACATCAGTCTGATAC#.....((((((((((((((...#.)))))))))))))).,3956,4002,1.0,-21.8,0,0.05610519,0.632,0.45634503571428564,0.15844562874999998,-13.6655996434504,14,16,14,3UTR,MIRT731893,0,1
hsa-miR-21-5p,NM_001278465,DNM1L,TAGCTTATCAGACTGATGTTGA#TCACCAACTGATGTCAAACATAAAAACCCCCACATCAGTCTGATAC#.....((((((((((((((...#.)))))))))))))).,3923,3969,1.0,-21.8,0,0.05610519,0.632,0.45634503571428564,0.15844562874999998,-13.6655996434504,14,16,14,3UTR,MIRT731893,0,1
hsa-miR-21-5p,NM_001286247,RALGPS2,TAGCTTATCAGACTGATGTTGA#TTAATATGCAAATGTGAGTGTGCGATCTTCAGTGTGTCTGCATAAGCTAA#(((((((((((((...((..((#.))..))....))))).)))))))).,7301,7351,1.0,-18.9,1,0.0003074143,0.632,0.6253674285714286,2.0154602862500006,-5.762913004276319,17,26,8,3UTR,MIRT030930,1,1
hsa-miR-21-5p,NM_024052,GID4,TAGCTTATCAGACTGATGTTGA#TAGTCTGATAAGCTAA#(((((((((((((((.......#))))))))))))))).,3846,3862,1.0,-23.0,1,0.006277369,0.765,2.6452070666666656,1.8015609424999999,-4.1706235265052785,15,16,15,3UTR,MIRT030790,1,1
hsa-miR-21-5p,NM_024607,PPP1R3B,TAGCTTATCAGACTGATGTTGA#TCATCATCAGTAGATAAGCC#..(((((((..(((((((.(((#))).))))))).))))))).,4227,4247,1.0,-21.4,1,0.001064661,0.574,0.0,0.0,-9.02428166311082,17,20,7,3UTR,MIRT030758,1,1
hsa-miR-21-5p,NM_001145511,NFIA,TAGCTTATCAGACTGATGTTGA#TCATATGTGTCTGATAAGTG#..(((((((((((..(((.(((#))))))..))))))))))).,4617,4637,1.0,-17.8,1,0.02666604,0.662,4.325546363636364,4.2943728750000005,-6.549290197143331,17,20,11,3UTR,MIRT437773,1,1
hsa-miR-21-5p,NM_001145512,NFIA,TAGCTTATCAGACTGATGTTGA#TCATATGTGTCTGATAAGTG#..(((((((((((..(((.(((#))))))..))))))))))).,4582,4602,1.0,-17.8,1,0.02666604,0.662,4.325546363636364,4.2943728750000005,-6.549290197143331,17,20,11,3UTR,MIRT437773,1,1
hsa-miR-21-5p,NM_005595,NFIA,TAGCTTATCAGACTGATGTTGA#TCATATGTGTCTGATAAGTG#..(((((((((((..(((.(((#))))))..))))))))))).,4381,4401,1.0,-17.8,1,0.02666604,0.662,4.325546363636364,4.2943728750000005,-6.549290197143331,17,20,11,3UTR,MIRT437773,1,1
hsa-miR-21-5p,NM_005690,DNM1L,TAGCTTATCAGACTGATGTTGA#TCACCAACTGATGTCAAACATAAAAACCCCCACATCAGTCTGATAC#.....((((((((((((((...#.)))))))))))))).,3806,3852,1.0,-21.8,0,0.05610519,0.632,0.45634503571428564,0.15844562874999998,-13.6655996434504,14,16,14,3UTR,MIRT731893,0,1
hsa-miR-21-5p,NM_006526,ZNF217,TAGCTTATCAGACTGATGTTGA#TTAGCTCCTGTGTTACAAGGGAGAACTCATTTGAGATCAGTCTGTTGGCA#..(((...(((((((((.((((#.)))).)))))))))..))).,5066,5116,1.0,-19.4,0,0.0003683168,0.588,2.3852733333333336,2.76516769875,-10.715280944617287,16,21,9,3UTR,MIRT030903,0,1
hsa-miR-21-5p,NM_012063,DNM1L,TAGCTTATCAGACTGATGTTGA#TCACCAACTGATGTCAAACATAAAAACCCCCACATCAGTCTGATAC#.....((((((((((((((...#.)))))))))))))).,3839,3885,1.0,-21.8,0,0.05610519,0.632,0.45634503571428564,0.15844562874999998,-13.6655996434504,14,16,14,3UTR,MIRT731893,0,1
hsa-miR-21-5p,NM_012137,DDAH1,TAGCTTATCAGACTGATGTTGA#GCCAGTATATTCTGAAGAATGTCTTCTTGATCAGTCAGATAAGCTT#.((((((((.(((((((...((#.))...))))))).)))))))).,1291,1337,1.0,-21.6,1,0.02788748,0.735,0.1497342625,0.31957107374999993,-5.035831305685297,17,23,8,3UTR,MIRT030838,0,1
hsa-miR-21-5p,NM_002971,SATB1,TAGCTTATCAGACTGATGTTGA#TCAGGCCCTGATGAGCTT#.((((((((((.((((......#))))...)))))))))).,6027,6045,1.0,-17.9,1,7.768711e-05,0.5,0.0,0.0,-7.140128146953473,14,18,10,3UTR,MIRT052948,1,1
hsa-miR-21-5p,NM_001131010,SATB1,TAGCTTATCAGACTGATGTTGA#TCAGGCCCTGATGAGCTT#.((((((((((.((((......#))))...)))))))))).,4486,4504,1.0,-17.9,1,7.768711e-05,0.5,5.2534758,5.871022506250001,-7.140128146953473,14,18,10,3UTR,MIRT052948,1,1
hsa-miR-21-5p,NM_001134445,DDAH1,TAGCTTATCAGACTGATGTTGA#GCCAGTATATTCTGAAGAATGTCTTCTTGATCAGTCAGATAAGCTT#.((((((((.(((((((...((#.))...))))))).)))))))).,1207,1253,1.0,-21.6,1,0.02788748,0.735,0.38037578749999995,0.48870885250000007,-5.035831305685297,17,23,8,3UTR,MIRT030838,0,1
hsa-miR-21-5p,NM_001134673,NFIA,TAGCTTATCAGACTGATGTTGA#TCATATGTGTCTGATAAGTG#..(((((((((((..(((.(((#))))))..))))))))))).,4473,4493,1.0,-17.8,1,0.02666604,0.662,4.325546363636364,4.2943728750000005,-6.549290197143331,17,20,11,3UTR,MIRT437773,1,1
hsa-miR-21-5p,NM_001322872,SATB1,TAGCTTATCAGACTGATGTTGA#TCAGGCCCTGATGAGCTT#.((((((((((.((((......#))))...)))))))))).,4575,4593,1.0,-17.9,1,7.768711e-05,0.5,5.8499022,5.466423680000002,-7.140128146953473,14,18,10,3UTR,MIRT052948,1,1
hsa-miR-21-5p,NM_001322874,SATB1,TAGCTTATCAGACTGATGTTGA#TCAGGCCCTGATGAGCTT#.((((((((((.((((......#))))...)))))))))).,4389,4407,1.0,-17.9,1,7.768711e-05,0.5,4.645518200000001,5.9030117250000025,-7.140128146953473,14,18,10,3UTR,MIRT052948,1,1
hsa-miR-21-5p,NM_001322875,SATB1,TAGCTTATCAGACTGATGTTGA#TCAGGCCCTGATGAGCTT#.((((((((((.((((......#))))...)))))))))).,4383,4401,1.0,-17.9,1,7.768711e-05,0.5,5.161706799999999,5.868599212500003,-7.140128146953473,14,18,10,3UTR,MIRT052948,1,1
hsa-miR-21-5p,NM_001330380,DNM1L,TAGCTTATCAGACTGATGTTGA#TCACCAACTGATGTCAAACATAAAAACCCCCACATCAGTCTGATAC#.....((((((((((((((...#.)))))))))))))).,3845,3891,1.0,-21.8,0,0.05610519,0.632,0.45634503571428564,0.15844562874999998,-13.6655996434504,14,16,14,3UTR,MIRT731893,0,1
hsa-miR-21-5p,NM_001001396,ATP2B4,TAGCTTATCAGACTGATGTTGA#GACATCAGTTTGAA#.......(((((((((((((..#))))))))))))).,4635,4649,1.0,-18.3,0,0.000318577,0.574,0.0,0.0,-17.110244939514768,13,14,13,3UTR,MIRT030786,0,1
hsa-miR-215-5p,NM_001349147,B3GALNT1,ATGACCTATGAATTGACAGAC#TCATAGGTCATT#(((((((((((..........#))))))))))).,2763,2775,1.0,-15.9,1,0.01945441,0.676,3.120125545454545,1.7437894028750003,-10.39884692653892,11,12,11,3UTR,MIRT024506,0,1
hsa-miR-215-5p,NM_001349152,B3GALNT1,ATGACCTATGAATTGACAGAC#TCATAGGTCATT#(((((((((((..........#))))))))))).,2563,2575,1.0,-15.9,1,0.01945441,0.676,2.814516090909091,1.9436713987500003,-10.39884692653892,11,12,11,3UTR,MIRT024506,0,1
hsa-miR-215-5p,NM_001349155,B3GALNT1,ATGACCTATGAATTGACAGAC#TCATAGGTCATT#(((((((((((..........#))))))))))).,2575,2587,1.0,-15.9,1,0.01945441,0.676,2.2925362090909087,1.8199787324999999,-10.39884692653892,11,12,11,3UTR,MIRT024506,0,1
hsa-miR-215-5p,XM_047442130,MSN,ATGACCTATGAATTGACAGAC#TCTGTCACTATAGGTCATA#((((((((((...(((((((.#))))))).)))))))))).,3641,3660,1.0,-22.3,1,0.008058733,0.691,0.0,0.0,-11.398282843874613,17,19,10,3UTR,MIRT024781,1,1
hsa-miR-215-5p,NM_001399969,DBT,ATGACCTATGAATTGACAGAC#GTAATGGTTCTCCTGGGGCTGTCACATTTTATAGGTCAG#.(((((((((((.((((((..#.))))))...))))))))))).,1830,1869,1.0,-22.4,1,0.0001936117,0.574,0.0,0.0,-5.08245545002336,17,22,11,3UTR,MIRT024650,1,1
hsa-miR-215-5p,NM_006558,KHDRBS3,ATGACCTATGAATTGACAGAC#TTTGTTATTTCCAGTCTGTATATGAAAAAATAGGTCATC#(((((((((..((..((((((#.))))))..))......))))))))).,1640,1679,1.0,-18.3,1,0.1167511,0.765,3.895090555555555,3.241543048725,-9.597144867711236,17,27,9,3UTR,MIRT024397,0,1
hsa-miR-215-5p,NM_001918,DBT,ATGACCTATGAATTGACAGAC#GTAATGGTTCTCCTGGGGCTGTCACATTTTATAGGTCAG#.(((((((((((.((((((..#.))))))...))))))))))).,1643,1682,1.0,-22.4,1,0.0001936117,0.574,0.0,0.0,-5.08245545002336,17,22,11,3UTR,MIRT024650,1,1
hsa-miR-215-5p,NM_002444,MSN,ATGACCTATGAATTGACAGAC#TCTGTCACTATAGGTCATA#((((((((((...(((((((.#))))))).)))))))))).,3512,3531,1.0,-22.3,1,0.008058733,0.691,0.0,0.0,-11.398282843874613,17,19,10,3UTR,MIRT024781,1,1
hsa-miR-215-5p,XM_011530959,MSN,ATGACCTATGAATTGACAGAC#TCTGTCACTATAGGTCATA#((((((((((...(((((((.#))))))).)))))))))).,3438,3457,1.0,-22.3,1,0.008058733,0.691,0.0,0.0,-11.398282843874613,17,19,10,3UTR,MIRT024781,1,1
hsa-miR-224-5p,NM_213593,DIO1,TCAAGTCACTAGTGGTTCCGTTTAG#CTAAAGTACACACGGCTGTGACTTGAT#(((((((((.(((.((....(((((#)))))......)).)))))))))))).,1579,1606,1.0,-20.0,1,0.0001215876,0.603,0.0,0.0,-6.03692083205025,19,27,12,3UTR,MIRT006136,1,1
hsa-miR-224-5p,NM_001324316,DIO1,TCAAGTCACTAGTGGTTCCGTTTAG#ACGGCTGTGACTTGAT#(((((((((.(((.((.........#)).)))))))))))).,1438,1454,1.0,-18.5,1,0.0001215876,0.603,3.1614054444444446,2.0227398474999996,-6.03692083205025,14,16,12,3UTR,MIRT006136,1,1
hsa-miR-224-5p,NM_000792,DIO1,TCAAGTCACTAGTGGTTCCGTTTAG#ACGGCTGTGACTTGAT#(((((((((.(((.((.........#)).)))))))))))).,1782,1798,1.0,-18.5,1,0.0001215876,0.603,0.0,0.0,-6.03692083205025,14,16,12,3UTR,MIRT006136,1,1
hsa-miR-224-5p,NM_001039715,DIO1,TCAAGTCACTAGTGGTTCCGTTTAG#ACGGCTGTGACTTGAT#(((((((((.(((.((.........#)).)))))))))))).,1638,1654,1.0,-18.5,1,0.0001215876,0.603,0.0,0.0,-6.03692083205025,14,16,12,3UTR,MIRT006136,1,1
hsa-miR-224-5p,NM_001039716,DIO1,TCAAGTCACTAGTGGTTCCGTTTAG#ACGGCTGTGACTTGAT#(((((((((.(((.((.........#)).)))))))))))).,1582,1598,1.0,-18.5,1,0.0001215876,0.603,0.0,0.0,-6.03692083205025,14,16,12,3UTR,MIRT006136,1,1
hsa-miR-342-3p,NM_001397246,PVRIG,TCTCACACAGAAATCGCACCCGT#GCGGATGTGGTCTCTGTGTGT#...((((((((.((((((.((((#)))).)))))).)))))))).,1061,1082,0.9615384615384616,-25.3,0,0.001011489,0.368,0.0,0.0,-9.861343503275094,18,21,8,3UTR,MIRT614341,0,1
hsa-miR-342-3p,NM_001114133,SYNPO2L,TCTCACACAGAAATCGCACCCGT#ACGGTTGGTGTCTGTGTGAT#..(((((((((.((((...((((#)))).)))).))))))))).,4555,4575,0.9615384615384616,-20.6,1,0.002740559,0.559,3.9034824444444447,3.08684126325,-8.303804028968646,17,20,9,3UTR,MIRT437734,1,1
hsa-miR-342-3p,NM_174938,FRMD3,TCTCACACAGAAATCGCACCCGT#TGAGTGTGCGTGTGTGTGTGTGTGAGAG#(((((((((.(...(((((.(((#.))).)))))).))))))))).,3188,3216,1.0,-23.0,1,0.2216617,0.544,0.0,0.0,-10.67285475431285,18,22,9,3UTR,MIRT541345,1,1
hsa-miR-342-3p,NM_001387869,RAD54L2,TCTCACACAGAAATCGCACCCGT#GGGCCCTCTGTGTGAGT#.((((((((((....((.((...#))))..)))))))))).,8077,8094,1.0,-19.4,1,3.686664e-05,0.529,0.0,0.0,-10.021548237390759,14,17,10,3UTR,MIRT609878,0,1
hsa-miR-342-3p,NM_015106,RAD54L2,TCTCACACAGAAATCGCACCCGT#GGGCCCTCTGTGTGAGT#.((((((((((....((.((...#))))..)))))))))).,8332,8349,1.0,-19.4,1,3.686664e-05,0.529,0.21626578,0.18914066775000002,-10.021548237390759,14,17,10,3UTR,MIRT609878,0,1
hsa-miR-342-3p,NM_017759,INO80D,TCTCACACAGAAATCGCACCCGT#TGGGGGCACGTGTGTGAGAG#(((((((((......((.((((.#)))).))...))))))))).,9920,9940,1.0,-20.9,1,0.0003895123,0.647,0.20476847777777782,0.3768476274999999,-14.233078789973835,15,20,9,3UTR,MIRT043718,1,1
hsa-miR-342-3p,NM_001282713,FAM107A,TCTCACACAGAAATCGCACCCGT#GCCTTTCCTGTGTGAGAC#((((((((((.((..((......#))..)).)))))))))).,1959,1977,1.0,-19.3,1,0.001002405,0.574,-0.3998893,-0.7645546949999998,-8.354638399383056,14,18,10,3UTR,MIRT616579,0,1
hsa-miR-342-3p,NM_001282714,FAM107A,TCTCACACAGAAATCGCACCCGT#GCCTTTCCTGTGTGAGAC#((((((((((.((..((......#))..)).)))))))))).,2506,2524,1.0,-19.3,1,0.001002405,0.574,2.8363328,1.4883989624999996,-8.354638399383056,14,18,10,3UTR,MIRT616579,0,1
hsa-miR-342-3p,NM_001184750,SLITRK4,TCTCACACAGAAATCGCACCCGT#TGTGTGTGTGCATGTGTGAGAG#(((((((((.....(((((.((.#)).)))))....))))))))).,4539,4561,1.0,-20.8,1,0.0001629468,0.662,0.0,0.0,-13.4976292297232,16,22,9,3UTR,MIRT632387,0,1
hsa-miR-342-3p,NM_007177,FAM107A,TCTCACACAGAAATCGCACCCGT#GCCTTTCCTGTGTGAGAC#((((((((((.((..((......#))..)).)))))))))).,1983,2001,1.0,-19.3,1,0.001002405,0.574,-0.18729118,-0.5918185199999999,-8.354638399383056,14,18,10,3UTR,MIRT616579,0,1
hsa-miR-342-3p,NM_001719,BMP7,TCTCACACAGAAATCGCACCCGT#TGGGGCTTTTTGTGTGAT#..(((((((((((..((.((((.#))))))))))))))))).,3676,3694,1.0,-20.7,1,0.001367582,0.5,0.40115874545454544,1.0984315074999997,-6.549290197143331,17,18,17,3UTR,MIRT005882,0,1
hsa-miR-342-3p,NM_130842,PTPRN2,TCTCACACAGAAATCGCACCCGT#GCACAGAGGCAGCTGTGTGGGCTGCAGATTTCCTGTGTGGGGT#((((((((((((((((((((((.#.)))).))).)))))).))))))))).,4406,4449,1.0,-28.4,1,0.000133549,0.412,2.437954080000001,1.5982680465000003,-3.937574446201665,22,27,9,3UTR,MIRT712260,1,1
hsa-miR-342-3p,NM_130843,PTPRN2,TCTCACACAGAAATCGCACCCGT#GCACAGAGGCAGCTGTGTGGGCTGCAGATTTCCTGTGTGGGGT#((((((((((((((((((((((.#.)))).))).)))))).))))))))).,4370,4413,1.0,-28.4,1,0.000133549,0.412,1.3091550883999998,2.102092975375,-3.937574446201665,22,27,9,3UTR,MIRT712260,1,1
hsa-miR-342-3p,NM_134428,RFX3,TCTCACACAGAAATCGCACCCGT#GGTGTATGATTTCATGTGTAAGT#.((.((((((((((((((((...#)))))..)))))).))))).)).,2919,2942,1.0,-19.0,0,0.04069784,0.706,1.6658915263157896,0.95781728,-6.825347112316308,18,23,6,3UTR,MIRT043701,1,1
hsa-miR-342-3p,NM_001034,RRM2,TCTCACACAGAAATCGCACCCGT#ACTAGAAATTTAGGGGTGATCTGGGCCTTCATATGTGTGAGAA#(((((((((((((((((.(((..#.)))))))).......)))...))))))))).,1984,2027,1.0,-22.7,1,0.001032278,0.618,0.0,0.0,-3.937574446201665,20,32,9,3UTR,MIRT043700,0,1
hsa-miR-4326,XM_047443537,LONRF2,TGTTCCTCTGTCTCCCAGAC#TGGGAGACAGGCAGAAGCAGGAGTGAGGAGGAACGT#(((((((((((((((((...#)))))))))..................)))))))).,6164,6200,1.0,-24.9,1,0.01434383,0.441,0.0,0.0,-3.937574446201665,17,36,9,3UTR,MIRT716965,0,1
hsa-miR-4326,NM_198461,LONRF2,TGTTCCTCTGTCTCCCAGAC#TGGGAGACAGGCAGAAGCAGGAGTGAGGAGGAACGT#(((((((((((((((((...#)))))))))..................)))))))).,7058,7094,1.0,-24.9,1,0.01434383,0.441,0.0,0.0,-3.937574446201665,17,36,9,3UTR,MIRT716965,0,1
hsa-miR-4326,NM_198568,GJB7,TGTTCCTCTGTCTCCCAGAC#TGTGGGATAGGATAGCAGCCAGCTGGGGACACACAGAGGAACAT#(((((((((((.((((((..#.))))))....))))))))))).,1615,1659,1.0,-26.2,1,0.01030357,0.456,0.4063772818181819,0.3103648849999999,-7.284377755798021,17,23,11,3UTR,MIRT708594,0,1
hsa-miR-4326,NM_001240,CCNT1,TGTTCCTCTGTCTCCCAGAC#GTCATAGGGAGACAGGAGTTGTACTTATGCTGCTACTTGCCAGGAACAG#((((((((((((((((.(((#)))...)))))))))..........................))))))).,3916,3965,1.0,-25.0,1,0.001188987,0.544,1.0063340495238098,0.9892859872499997,-3.937574446201665,19,49,9,3UTR,MIRT564313,0,1
hsa-miR-4326,NM_001277842,CCNT1,TGTTCCTCTGTCTCCCAGAC#GTCATAGGGAGACAGGAGTTGTACTTATGCTGCTACTTGCCAGGAACAG#((((((((((((((((.(((#)))...)))))))))..........................))))))).,3752,3801,1.0,-25.0,1,0.001188987,0.544,0.5699727142857143,0.81921637525,-3.937574446201665,19,49,9,3UTR,MIRT564313,0,1
hsa-miR-4326,NM_003907,EIF2B5,TGTTCCTCTGTCTCCCAGAC#CTGGGCTGGGACAAGTGAGGAACT#.(((((((((((((((((..#)))))...)))))...))))))).,2242,2266,1.0,-23.7,1,0.0001585395,0.382,1.78495652173913,3.3209999999999997,-3.793324837357118,17,24,7,3UTR,MIRT719310,0,1
hsa-miR-449a,NM_001040152,PEG10,TGGCAGTGTATTGTTAGCTGGT#ACCATCTAAATTATAGGCTGCCAA#(((((((.(((..((((.((((#)))).))))...))).))))))).,2894,2918,0.9615384615384616,-21.3,1,0.03899971,0.618,0.0,0.0,-10.887143297644894,18,24,7,3UTR,MIRT506252,1,1
hsa-miR-449a,NM_153002,GPR156,TGGCAGTGTATTGTTAGCTGGT#CCCGCAACATCACACTGCTG#.((((((((..((((.((.((.#)).))))))..)))))))).,4103,4123,1.0,-21.0,1,0.001751527,0.5,0.68144955,0.4686378575,-8.09365486139926,16,20,8,3UTR,MIRT452680,0,1
hsa-miR-449a,NM_175723,SSX5,TGGCAGTGTATTGTTAGCTGGT#TCAGCATGTACTCCCCTCATCCGATTCCCCTCTATCAGTCACTGCCAG#((((((((.((((.(((..((.#.))..))).)))))))))))).,1223,1271,1.0,-21.9,1,0.1138521,0.541,0.0,0.0,-5.850804021967834,17,22,12,3UTR,MIRT610333,0,1
hsa-miR-449a,NM_001400328,SEC61A1,TGGCAGTGTATTGTTAGCTGGT#CCAGCTTCCAGGGGACTGTCAC#(((((((.(.(((..((((((.#))))))..))).).))))))).,3622,3644,1.0,-22.5,1,0.0002058053,0.412,0.0,0.0,-9.086005321481515,17,22,7,3UTR,MIRT745411,0,1
hsa-miR-449a,NM_001400329,SEC61A1,TGGCAGTGTATTGTTAGCTGGT#CCAGCTTCCAGGGGACTGTCAC#(((((((.(.(((..((((((.#))))))..))).).))))))).,3407,3429,1.0,-22.5,1,0.0002058053,0.412,0.0,0.0,-9.086005321481515,17,22,7,3UTR,MIRT745411,0,1
hsa-miR-449a,NM_014289,CAPN6,TGGCAGTGTATTGTTAGCTGGT#CCAGTCTGTTTAACTTCTGCAGTGCCTTCACTACACTGCCT#.(((((((((.((...((((..#.)))).....)).))))))))).,3448,3489,1.0,-21.5,1,0.0002641693,0.632,0.5140557111111111,0.8961568849999999,-8.443437870842123,15,23,9,3UTR,MIRT732558,1,1
hsa-miR-449a,NM_016026,RDH11,TGGCAGTGTATTGTTAGCTGGT#GCCTGCTTGGTGTCCAGTTAAAACTCAGTGTACTGCCAG#(((((((((((((((((((((.#.))))))))....))))))))))))).,1141,1180,1.0,-25.6,1,0.005145307,0.544,0.3739858,0.196399843625,-3.937574446201665,21,27,13,3UTR,MIRT769775,1,1
hsa-miR-449a,NM_016732,RALY,TGGCAGTGTATTGTTAGCTGGT#GCCAGCTATAACAGACCCATTTCAATACCCTGGCAAGTCATTACTGCCC#.(((((((..((((((((((((#))))))))........................)))).....))))))).,3528,3577,1.0,-22.1,1,0.005157664,0.515,0.07094507777777778,-0.12463763675,-6.09222096393106,19,49,8,3UTR,MIRT745410,1,1
hsa-miR-449a,NM_001198786,POU2F1,TGGCAGTGTATTGTTAGCTGGT#GCCAGGTCATGATACTGCTGCTAT#((((((((((((((.(.(((((#))))).).))))))).))))))).,11493,11517,1.0,-22.8,1,0.03178399,0.544,2.416818913333333,1.922374863749999,-4.6730240064523,20,24,7,3UTR,MIRT182269,1,1
hsa-miR-449a,NM_001204171,MDM4,TGGCAGTGTATTGTTAGCTGGT#AGTAGGTGGCATAAAATGCACTGTCAA#((((((((((((((((.(((.(#).))).)))))....))))))))))).,9508,9535,1.0,-21.6,1,0.02337552,0.706,0.16987589499999997,-0.1683728425,-3.937574446201665,20,27,11,3UTR,MIRT183693,1,1
hsa-miR-449a,NM_001204172,MDM4,TGGCAGTGTATTGTTAGCTGGT#AGTAGGTGGCATAAAATGCACTGTCAA#((((((((((((((((.(((.(#).))).)))))....))))))))))).,8680,8707,1.0,-21.6,1,0.02337552,0.706,0.16987589499999997,-0.1683728425,-3.937574446201665,20,27,11,3UTR,MIRT183693,1,1
hsa-miR-449a,NM_001278516,MDM4,TGGCAGTGTATTGTTAGCTGGT#AGTAGGTGGCATAAAATGCACTGTCAA#((((((((((((((((.(((.(#).))).)))))....))))))))))).,9590,9617,1.0,-21.6,1,0.02337552,0.706,0.16987589499999997,-0.1683728425,-3.937574446201665,20,27,11,3UTR,MIRT183693,1,1
hsa-miR-449a,NM_001278517,MDM4,TGGCAGTGTATTGTTAGCTGGT#AGTAGGTGGCATAAAATGCACTGTCAA#((((((((((((((((.(((.(#).))).)))))....))))))))))).,9364,9391,1.0,-21.6,1,0.02337552,0.706,0.16987589499999997,-0.1683728425,-3.937574446201665,20,27,11,3UTR,MIRT183693,1,1
hsa-miR-449a,NM_001278518,MDM4,TGGCAGTGTATTGTTAGCTGGT#AGTAGGTGGCATAAAATGCACTGTCAA#((((((((((((((((.(((.(#).))).)))))....))))))))))).,9179,9206,1.0,-21.6,1,0.02337552,0.706,0.0,0.0,-3.937574446201665,20,27,11,3UTR,MIRT183693,1,1
hsa-miR-449a,NM_001278519,MDM4,TGGCAGTGTATTGTTAGCTGGT#AGTAGGTGGCATAAAATGCACTGTCAA#((((((((((((((((.(((.(#).))).)))))....))))))))))).,8989,9016,1.0,-21.6,1,0.02337552,0.706,0.16987589499999997,-0.1683728425,-3.937574446201665,20,27,11,3UTR,MIRT183693,1,1
hsa-miR-449a,NM_001287804,ZDHHC16,TGGCAGTGTATTGTTAGCTGGT#GCCTGCTGCTGAGGTCACTGCCAC#((((((((..(((.((((.(((#))).)))).)))...)))))))).,1509,1533,1.0,-21.8,1,7.357832e-05,0.456,0.6766562624999999,1.03187074625,-7.093310490296013,18,24,8,3UTR,MIRT057738,1,1
hsa-miR-449a,NM_021015,SSX5,TGGCAGTGTATTGTTAGCTGGT#TCAGCATGTACTCCCCTCATCCGATTCCCCTCTATCAGTCACTGCCAG#((((((((.((((.(((..((.#.))..))).)))))))))))).,1346,1394,1.0,-21.9,1,0.1138521,0.541,0.007230249999999994,-0.1574945175,-5.850804021967834,17,22,12,3UTR,MIRT610333,0,1
hsa-miR-449a,NM_001166119,LEF1,TGGCAGTGTATTGTTAGCTGGT#GACAATCACTGCCAA#((((((((.((((((.......#)))))))))))))).,1116,1131,1.0,-19.9,1,0.1966524,0.5,3.024754875,3.3504446175000004,-5.227013184751041,14,15,14,3UTR,MIRT053005,1,1
hsa-miR-449a,NM_001168271,GPR156,TGGCAGTGTATTGTTAGCTGGT#CCCGCAACATCACACTGCTG#.((((((((..((((.((.((.#)).))))))..)))))))).,4091,4111,1.0,-21.0,1,0.001751527,0.5,0.68144955,0.4686378575,-8.09365486139926,16,20,8,3UTR,MIRT452680,0,1
hsa-miR-449a,NM_005359,SMAD4,TGGCAGTGTATTGTTAGCTGGT#ACCAGCTGCTGTTGCAAAGGCTGCTT#.((((((.(.((((((((((((#)))))))).....))))).)))))).,8300,8326,1.0,-22.1,1,0.001790626,0.485,1.4015606117647061,1.5184789975,-7.349466234865927,19,26,8,3UTR,MIRT198921,1,1
hsa-miR-449a,NM_005359,SMAD4,TGGCAGTGTATTGTTAGCTGGT#GCCAGTTAACAATTATTTTGTAGGTGGGGTACACTCAGCTT#.(((((((((((((((((((((#))))))))))).................)))))))..))).,5896,5937,1.0,-22.0,1,6.914411e-05,0.662,0.022050377500000017,0.14289511000000005,-3.793324837357118,21,41,11,3UTR,MIRT198921,1,1
hsa-miR-449a,NM_005378,MYCN,TGGCAGTGTATTGTTAGCTGGT#ACTGGACAGTCACTGCCAC#((((((((.((((((.......#.)))))))))))))).,1718,1737,1.0,-20.0,1,0.0003467327,0.632,1.7845079999999998,2.840460436249999,-5.227013184751041,14,16,14,3UTR,MIRT731559,1,1
hsa-miR-449a,NM_005438,FOSL1,TGGCAGTGTATTGTTAGCTGGT#ACCAGCCCCACTGCCAG#((((((((........((((((#))))))..)))))))).,1286,1303,1.0,-20.6,1,0.01401431,0.426,3.8772844749999997,3.1634895075000005,-15.522517528523212,14,17,8,3UTR,MIRT745399,1,1
hsa-miR-449a,NM_005934,MLLT1,TGGCAGTGTATTGTTAGCTGGT#GCCTGCCCGCAGCACTGCCT#.((((((((..(((..((.(((#))).))..))))))))))).,1952,1972,1.0,-22.0,1,0.003582908,0.294,-0.14356233750000003,-0.09050213625,-8.829104421649896,16,20,11,3UTR,MIRT745404,1,1
hsa-miR-449a,NM_007367,RALY,TGGCAGTGTATTGTTAGCTGGT#GCCAGCTATAACAGACCCATTTCAATACCCTGGCAAGTCATTACTGCCC#.(((((((..((((((((((((#))))))))........................)))).....))))))).,3480,3529,1.0,-22.1,1,0.005157664,0.515,0.07094507777777778,-0.12463763675,-6.09222096393106,19,49,8,3UTR,MIRT745410,1,1
hsa-miR-449a,NM_012238,SIRT1,TGGCAGTGTATTGTTAGCTGGT#CCAGCTAGGACCATTACTGCCAG#((((((((...(.((((((((.#)))))))).)....)))))))).,3728,3751,1.0,-25.1,1,0.01741879,0.618,0.76809375,1.9025365437499995,-10.350375660852201,17,23,8,3UTR,MIRT006348,0,1
hsa-miR-449a,NM_001949,E2F3,TGGCAGTGTATTGTTAGCTGGT#GCCTACTGGAAATGCACTGTGGG#(.((((((((((.((((..(((#)))..)))).)))))))))).).,3776,3799,1.0,-20.1,1,0.003275749,0.574,0.0,0.0,-6.3903809408830785,18,23,10,3UTR,MIRT053065,1,1
hsa-miR-449a,NM_002393,MDM4,TGGCAGTGTATTGTTAGCTGGT#AGTAGGTGGCATAAAATGCACTGTCAA#((((((((((((((((.(((.(#).))).)))))....))))))))))).,9658,9685,1.0,-21.6,1,0.02337552,0.706,0.0,0.0,-3.937574446201665,20,27,11,3UTR,MIRT183693,1,1
hsa-miR-449a,NM_004475,FLOT2,TGGCAGTGTATTGTTAGCTGGT#CCTGCTAGGGCTGCACTGTCC#.(((((((((.(.(((((.((.#)).))))).).))))))))).,2282,2303,1.0,-22.4,1,2.612255e-07,0.426,0.42918137777777776,0.6448801325000001,-7.907229925433711,17,21,9,3UTR,MIRT732072,1,1
hsa-miR-449a,NM_004622,TSN,TGGCAGTGTATTGTTAGCTGGT#CAGTAATAGCACTGCCAG#(((((((((..((((.((((..#))))))))))))))))).,2443,2461,1.0,-20.7,1,0.003102678,0.632,0.08297893333333334,0.10153965025,-8.237904470243807,17,18,17,3UTR,MIRT202949,1,1
hsa-miR-449a,XM_017013958,CCNE2,TGGCAGTGTATTGTTAGCTGGT#GCTGTGATTGATTGCCCTAGCCAATTCACAAGTTACACTGCCAT#((((((((((((((.((.((((#.)))).)).))))..)))))))))).,1570,1614,1.0,-22.7,1,0.01978829,0.632,0.0,0.0,-4.6730240064523,20,26,10,3UTR,MIRT006347,1,1
hsa-miR-449a,NM_001097600,SLC35G2,TGGCAGTGTATTGTTAGCTGGT#ACCTGATTATTATTGTCTCATTAATGTTCAGTTATTATGTATACTGCCAT#(((((((((((...(((((((.#.)))))))....))))))))))).,1348,1398,1.0,-23.6,1,0.03400906,0.735,4.381873727272727,4.113268121250001,-9.430348285984671,18,24,11,3UTR,MIRT550116,0,1
hsa-miR-449a,NM_001110,ADAM10,TGGCAGTGTATTGTTAGCTGGT#CCAGTTAGATACTCTGCG#..((((.(((((..(((((((.#)))))))))))).)))).,4714,4732,1.0,-19.8,0,0.01837035,0.647,0.29170425714285714,0.10971223975,-8.646657784430259,16,18,12,3UTR,MIRT734342,1,1
hsa-miR-449a,NM_032327,ZDHHC16,TGGCAGTGTATTGTTAGCTGGT#GCCTGCTGCTGAGGTCACTGCCAC#((((((((..(((.((((.(((#))).)))).)))...)))))))).,1719,1743,1.0,-21.8,1,7.357832e-05,0.456,0.6766562624999999,1.03187074625,-7.093310490296013,18,24,8,3UTR,MIRT057738,1,1
hsa-miR-449a,NM_057749,CCNE2,TGGCAGTGTATTGTTAGCTGGT#GCTGTGATTGATTGCCCTAGCCAATTCACAAGTTACACTGCCAT#((((((((((((((.((.((((#.)))).)).))))..)))))))))).,1353,1397,1.0,-22.7,1,0.01978829,0.632,0.14673201249999998,0.65676147625,-4.6730240064523,20,26,10,3UTR,MIRT006347,1,1
hsa-miR-449a,NM_001293231,MYCN,TGGCAGTGTATTGTTAGCTGGT#ACTGGACAGTCACTGCCAC#((((((((.((((((.......#.)))))))))))))).,811,830,1.0,-20.0,1,0.0003467327,0.632,1.7845079999999998,2.840460436249999,-5.227013184751041,14,16,14,3UTR,MIRT731559,1,1
hsa-miR-449a,NM_001300844,FOSL1,TGGCAGTGTATTGTTAGCTGGT#ACCAGCCCCACTGCCAG#((((((((........((((((#))))))..)))))))).,1178,1195,1.0,-20.6,1,0.01401431,0.426,2.7108016249999993,3.1897134950000003,-15.522517528523212,14,17,8,3UTR,MIRT745399,1,1
hsa-miR-449a,NM_001300857,FOSL1,TGGCAGTGTATTGTTAGCTGGT#ACCAGCCCCACTGCCAG#((((((((........((((((#))))))..)))))))).,980,997,1.0,-20.6,1,0.01401431,0.426,3.31147175,2.738401380000001,-15.522517528523212,14,17,8,3UTR,MIRT745399,1,1
hsa-miR-449a,NM_001314049,SIRT1,TGGCAGTGTATTGTTAGCTGGT#CCAGCTAGGACCATTACTGCCAG#((((((((...(.((((((((.#)))))))).)....)))))))).,2998,3021,1.0,-25.1,1,0.01741879,0.618,0.76809375,1.9025365437499995,-10.350375660852201,17,23,8,3UTR,MIRT006348,0,1
hsa-miR-449c-5p,NM_001366935,PTAR1,TAGGCAGTGTATTGCTAGCGGCTGT#AGCCTGGACTTGAGTTAGGTAGACTGCCTT#.(((((((.(((..(((((((((..#)))).........)))))))).))))))).,2872,2902,1.0,-21.9,1,0.0006815823,0.603,0.0,0.0,-6.9956850257895296,19,30,8,3UTR,MIRT566262,0,1
hsa-miR-449c-5p,NM_152778,MFSD8,TAGGCAGTGTATTGCTAGCGGCTGT#GCCGCCCATAGCAAGACTGCTTC#.(((((((...(((((((((((...#)))))...)))))).))))))).,3261,3284,1.0,-24.5,1,0.003500077,0.5,1.5794063928571431,2.3109782437500006,-8.91699543934141,18,23,7,3UTR,MIRT447166,0,1
hsa-miR-449c-5p,NM_001244734,MARVELD2,TAGGCAGTGTATTGCTAGCGGCTGT#TAGCCTCCCCAGTAGCTGGGATTACAGGCGTGCGCTGCCA#..(((((((((((.(((((.((((.#.)))).))))).)........)))))))))).,1862,1902,1.0,-27.9,1,0.0001399177,0.485,-0.018436789473684195,0.045696656249999995,-5.813840636892696,20,32,10,3UTR,MIRT314158,0,1
hsa-miR-449c-5p,NM_001145262,NCOA4,TAGGCAGTGTATTGCTAGCGGCTGT#ACAGGCCGTTTTCAACACTTGTGCCTT#.(((((((((..((..(((((((((#)))).)))))..)))))))...)))).,3499,3526,1.0,-21.1,1,0.006067048,0.574,0.16727329000000002,0.1449416075,-10.933401262918071,20,27,7,3UTR,MIRT769797,0,1
hsa-miR-449c-5p,NM_203459,CAMSAP2,TAGGCAGTGTATTGCTAGCGGCTGT#AGAGCTGCTAGTAGGTTCGCTTTAAACCACATGAGCTTAA#(((((((((..((((((((((((.(#).))))))))))))...)))).............))))).,6042,6082,1.0,-24.2,1,0.002079058,0.603,2.07372825,1.6913422750000002,-8.004855389940193,22,40,12,3UTR,MIRT503036,0,1
hsa-miR-449c-5p,XM_005248445,MARVELD2,TAGGCAGTGTATTGCTAGCGGCTGT#TAGCCTCCCCAGTAGCTGGGATTACAGGCGTGCGCTGCCA#..(((((((((((.(((((.((((.#.)))).))))).)........)))))))))).,2452,2492,1.0,-27.9,1,0.0001399177,0.485,0.0,0.0,-5.813840636892696,20,32,10,3UTR,MIRT314158,0,1
hsa-miR-449c-5p,XM_006720982,LITAF,TAGGCAGTGTATTGCTAGCGGCTGT#GCATGCTAGAAAAATAGGGCTGGATCTTATCACTGCCC#..(((((((((...(((((..((((#.)))).)))))....)).))))))).,1163,1201,1.0,-21.6,1,0.01609817,0.515,0.0,0.0,-10.449774559155296,18,26,7,3UTR,MIRT498848,0,1
hsa-miR-449c-5p,XM_006720983,LITAF,TAGGCAGTGTATTGCTAGCGGCTGT#GCATGCTAGAAAAATAGGGCTGGATCTTATCACTGCCC#..(((((((((...(((((..((((#.)))).)))))....)).))))))).,1151,1189,1.0,-21.6,1,0.01609817,0.515,0.0,0.0,-10.449774559155296,18,26,7,3UTR,MIRT498848,0,1
hsa-miR-449c-5p,NM_001099666,PTAR1,TAGGCAGTGTATTGCTAGCGGCTGT#AGCCTGGACTTGAGTTAGGTAGACTGCCTT#.(((((((.(((..(((((((((..#)))).........)))))))).))))))).,3028,3058,1.0,-21.9,1,0.0006815823,0.603,-0.13216791111111112,-0.054413612500000035,-6.9956850257895296,19,30,8,3UTR,MIRT566262,0,1
hsa-miR-449c-5p,NM_001136473,LITAF,TAGGCAGTGTATTGCTAGCGGCTGT#ATAGGGCTGGATCTTATCACTGCCC#..(((((((((...(((((..((((#)))).)))))....)).))))))).,1306,1331,1.0,-21.3,1,0.01609817,0.515,0.10707711999999998,0.23346243875000006,-10.449774559155296,18,25,7,3UTR,MIRT498848,0,1
hsa-miR-449c-5p,NM_001297707,CAMSAP2,TAGGCAGTGTATTGCTAGCGGCTGT#AGAGCTGCTAGTAGGTTCGCTTTAAACCACATGAGCTTAA#(((((((((..((((((((((((.(#).))))))))))))...)))).............))))).,6075,6115,1.0,-24.2,1,0.002079058,0.603,2.07372825,1.6913422750000002,-8.004855389940193,22,40,12,3UTR,MIRT503036,0,1
hsa-miR-449c-5p,NM_001297708,CAMSAP2,TAGGCAGTGTATTGCTAGCGGCTGT#AGAGCTGCTAGTAGGTTCGCTTTAAACCACATGAGCTTAA#(((((((((..((((((((((((.(#).))))))))))))...)))).............))))).,5994,6034,1.0,-24.2,1,0.002079058,0.603,2.07372825,1.6913422750000002,-8.004855389940193,22,40,12,3UTR,MIRT503036,0,1
hsa-miR-449c-5p,NM_001008225,CNOT4,TAGGCAGTGTATTGCTAGCGGCTGT#TAATGCACTGCCTAG#((((((((((((((...........#)))))))))))))).,2702,2717,1.0,-21.3,1,0.0331041,0.647,0.0,0.0,-4.906073086755913,14,15,14,3UTR,MIRT453171,0,1
hsa-miR-449c-5p,NM_001038603,MARVELD2,TAGGCAGTGTATTGCTAGCGGCTGT#TAGCCTCCCCAGTAGCTGGGATTACAGGCGTGCGCTGCCA#..(((((((((((.(((((.((((.#.)))).))))).)........)))))))))).,1898,1938,1.0,-27.9,1,0.0001399177,0.485,0.0,0.0,-5.813840636892696,20,32,10,3UTR,MIRT314158,0,1
hsa-miR-584-5p,NM_001331037,GPBP1,TTATGGTTTGCCTGGGACTGAG#CAGTTTGGGGTGAATTGTAAA#(((((((((((((.((((((..#)))))).))))))))))))).,2708,2729,1.0,-21.2,1,0.01387989,0.706,4.330976615384615,4.289426079999999,-4.794414363722071,19,21,13,3UTR,MIRT537101,0,1
hsa-miR-584-5p,XM_024447520,HOOK1,TTATGGTTTGCCTGGGACTGAG#CTCAGTCTCTTGGTTGCACCAG#...((((..(((.(((((((((#)))))))))..)))...)))).,3324,3346,1.0,-21.3,0,0.0003509571,0.632,0.0,0.0,-11.173695393771377,16,22,9,3UTR,MIRT282702,0,1
hsa-miR-584-5p,NM_152943,ZNF268,TTATGGTTTGCCTGGGACTGAG#CAGTCCCAGTGAACCC#....((((((.(((((((((..#))))))))))))))).,9620,9636,1.0,-23.5,0,0.01929716,0.5,0.08304596,0.08345193875000001,-12.371336944048279,15,16,15,3UTR,MIRT184932,0,1
hsa-miR-584-5p,NM_015888,HOOK1,TTATGGTTTGCCTGGGACTGAG#CTCAGTCTCTTGGTTGCACCAG#...((((..(((.(((((((((#)))))))))..)))...)))).,3537,3559,1.0,-21.3,0,0.0003509571,0.632,-0.12016055555555555,0.06456141124999999,-11.173695393771377,16,22,9,3UTR,MIRT282702,0,1
hsa-miR-584-5p,NM_001203246,GPBP1,TTATGGTTTGCCTGGGACTGAG#CAGTTTGGGGTGAATTGTAAA#(((((((((((((.((((((..#)))))).))))))))))))).,2513,2534,1.0,-21.2,1,0.01387989,0.706,4.330976615384615,4.289426079999999,-4.794414363722071,19,21,13,3UTR,MIRT537101,0,1
hsa-miR-584-5p,NM_001278402,RAB3IP,TTATGGTTTGCCTGGGACTGAG#TCCCTTGGGTAAACCT#....(((((((((((((.....#))))..))))))))).,2072,2088,1.0,-19.0,0,0.003082662,0.706,-0.06869271999999998,0.037764183749999986,-9.546562468637928,13,16,9,3UTR,MIRT617622,0,1
hsa-miR-584-5p,NM_018841,GNG12,TTATGGTTTGCCTGGGACTGAG#TCTGTCCTGGAAAGCAAACCC#....((((((((((((((.((.#)).)))))))...))))))).,1998,2019,1.0,-20.4,0,0.03702777,0.618,0.8868087235294118,0.79211689375,-9.546562468637928,16,21,7,3UTR,MIRT502290,0,1
hsa-miR-584-5p,NM_022913,GPBP1,TTATGGTTTGCCTGGGACTGAG#CAGTTTGGGGTGAATTGTAAA#(((((((((((((.((((((..#)))))).))))))))))))).,2633,2654,1.0,-21.2,1,0.01387989,0.706,3.457366153846154,2.3907623474999995,-4.794414363722071,19,21,13,3UTR,MIRT537101,0,1
hsa-miR-584-5p,NM_001165881,ZNF268,TTATGGTTTGCCTGGGACTGAG#CAGTCCCAGTGAACCC#....((((((.(((((((((..#))))))))))))))).,9455,9471,1.0,-23.5,0,0.01929716,0.5,0.08304596,0.08345193875000001,-12.371336944048279,15,16,15,3UTR,MIRT184932,0,1
hsa-miR-584-5p,NM_001165883,ZNF268,TTATGGTTTGCCTGGGACTGAG#CAGTCCCAGTGAACCC#....((((((.(((((((((..#))))))))))))))).,9291,9307,1.0,-23.5,0,0.01929716,0.5,0.08304596,0.08345193875000001,-12.371336944048279,15,16,15,3UTR,MIRT184932,0,1
hsa-miR-584-5p,NM_001165884,ZNF268,TTATGGTTTGCCTGGGACTGAG#CAGTCCCAGTGAACCC#....((((((.(((((((((..#))))))))))))))).,9090,9106,1.0,-23.5,0,0.01929716,0.5,0.08304596,0.08345193875000001,-12.371336944048279,15,16,15,3UTR,MIRT184932,0,1
hsa-miR-584-5p,NM_001165885,ZNF268,TTATGGTTTGCCTGGGACTGAG#CAGTCCCAGTGAACCC#....((((((.(((((((((..#))))))))))))))).,9387,9403,1.0,-23.5,0,0.01929716,0.5,0.08304596,0.08345193875000001,-12.371336944048279,15,16,15,3UTR,MIRT184932,0,1
hsa-miR-584-5p,NM_001165886,ZNF268,TTATGGTTTGCCTGGGACTGAG#CAGTCCCAGTGAACCC#....((((((.(((((((((..#))))))))))))))).,9186,9202,1.0,-23.5,0,0.01929716,0.5,0.08304596,0.08345193875000001,-12.371336944048279,15,16,15,3UTR,MIRT184932,0,1
hsa-miR-584-5p,NM_001165887,ZNF268,TTATGGTTTGCCTGGGACTGAG#CAGTCCCAGTGAACCC#....((((((.(((((((((..#))))))))))))))).,9419,9435,1.0,-23.5,0,0.01929716,0.5,0.08304596,0.08345193875000001,-12.371336944048279,15,16,15,3UTR,MIRT184932,0,1
hsa-miR-584-5p,NM_003415,ZNF268,TTATGGTTTGCCTGGGACTGAG#CAGTCCCAGTGAACCC#....((((((.(((((((((..#))))))))))))))).,9514,9530,1.0,-23.5,0,0.01929716,0.5,0.0,0.0,-12.371336944048279,15,16,15,3UTR,MIRT184932,0,1
hsa-miR-584-5p,NM_001127235,GPBP1,TTATGGTTTGCCTGGGACTGAG#CAGTTTGGGGTGAATTGTAAA#(((((((((((((.((((((..#)))))).))))))))))))).,2456,2477,1.0,-21.2,1,0.01387989,0.706,3.457366153846154,2.3907623474999995,-4.794414363722071,19,21,13,3UTR,MIRT537101,0,1
hsa-miR-584-5p,NM_001127236,GPBP1,TTATGGTTTGCCTGGGACTGAG#CAGTTTGGGGTGAATTGTAAA#(((((((((((((.((((((..#)))))).))))))))))))).,1548,1569,1.0,-21.2,1,0.01387989,0.706,3.457366153846154,2.3907623474999995,-4.794414363722071,19,21,13,3UTR,MIRT537101,0,1
hsa-miR-584-5p,NM_001321351,ZNF529,TTATGGTTTGCCTGGGACTGAG#TCCCAGGTTCAGGCTATT#..(((((((((((((((.....#)))))))..)))))))).,3403,3421,1.0,-19.5,1,0.0003064174,0.426,0.7351728235294117,0.5584911000000001,-4.95700071937229,15,18,8,3UTR,MIRT608940,0,1
hsa-miR-584-5p,NM_001024647,RAB3IP,TTATGGTTTGCCTGGGACTGAG#TCCCTTGGGTAAACCT#....(((((((((((((.....#))))..))))))))).,2157,2173,1.0,-19.0,0,0.003082662,0.706,-0.06869271999999998,0.037764183749999986,-9.546562468637928,13,16,9,3UTR,MIRT617622,0,1
hsa-miR-618,NM_032288,FYTTD1,AAACTCTACTTGTCCTTCTGAGT#GCAAGTTGAAGGACAGGTAGT#.....(((((((((((((.....#.))))))))))))).,1806,1827,1.0,-21.5,0,0.002776335,0.588,0.9880974615384617,0.3591402882500001,-13.6655996434504,13,15,13,3UTR,MIRT476660,0,1
hsa-miR-618,NM_033224,PURB,AAACTCTACTTGTCCTTCTGAGT#ATTCCAATTGGGATAGGTAGAGTC#..((((((((((((((...((((#)))).....)))))))))))))).,6966,6990,1.0,-21.6,1,0.007402436,0.647,1.640048857142857,1.9297259962499997,-4.95700071937229,18,24,14,3UTR,MIRT555102,0,1
hsa-miR-618,NM_052934,SLC26A9,AAACTCTACTTGTCCTTCTGAGT#GCTTTTACGAGTGAGCCAAAAACAGAAGGACAAGTAC#......((((((((((((((...#.)))))))))))))).,2824,2861,1.0,-23.3,0,0.01863496,0.529,0.7515457142857145,2.0324471724999995,-15.566558404643448,14,16,14,3UTR,MIRT646128,0,1
hsa-miR-618,NM_001011537,FYTTD1,AAACTCTACTTGTCCTTCTGAGT#GCAAGTTGAAGGACAGGTAGT#.....(((((((((((((.....#.))))))))))))).,1897,1918,1.0,-21.5,0,0.002776335,0.588,0.0,0.0,-13.6655996434504,13,15,13,3UTR,MIRT476660,0,1
hsa-miR-7-1-3p,NM_194449,PHLPP1,CAACAAATCACAGTCTGCCATA#GGCAGGCTGCCGTTGCTAAATGATTTA#....(((((((((((((((...#)))))))))...........)))))).,5646,5673,1.0,-18.9,0,0.01471489,0.618,0.0,0.0,-9.546562468637928,15,27,9,3UTR,MIRT535289,0,1
hsa-miR-7-1-3p,NM_016132,MYEF2,CAACAAATCACAGTCTGCCATA#GGAGACTGTGAAGTGA#...((..(((((((((.((...#)))))))))))..)).,9575,9591,1.0,-18.1,0,0.01804692,0.618,5.060165555555556,5.1020982725,-9.959185489743104,13,16,11,3UTR,MIRT720177,0,1
hsa-miR-7-1-3p,NM_001301210,MYEF2,CAACAAATCACAGTCTGCCATA#GGAGACTGTGAAGTGA#...((..(((((((((.((...#)))))))))))..)).,9503,9519,1.0,-18.1,0,0.01804692,0.618,5.060165555555556,5.1020982725,-9.959185489743104,13,16,11,3UTR,MIRT720177,0,1
hsa-miR-7-1-3p,NM_000585,IL15,CAACAAATCACAGTCTGCCATA#CTGTTGATTTGTTGG#(((((((((((((.........#)))).))))))))).,1865,1880,1.0,-15.1,1,0.02411022,0.735,0.0,0.0,-5.762913004276319,13,15,9,3UTR,MIRT724029,0,1
hsa-miR-7-1-3p,NM_001008393,C4orf46,CAACAAATCACAGTCTGCCATA#ATGGCAGACTTTGAAGTTGC#((((...(((.((((((((((.#)))))))))).))).)))).,772,792,1.0,-22.1,0,0.0007242081,0.559,0.0,0.0,-14.326031392488854,17,20,10,3UTR,MIRT759153,0,1
hsa-miR-96-5p,NM_001369389,PRKAR1A,TTTGGCACTAGCACATTTTTGCT#CAAATTCCGATTAGACCTTTATCCAGCTAGTGCCAAAT#((((((((((((...........#.)))))))))))).,2193,2231,0.9692307692307692,-21.3,1,0.01282786,0.647,3.393695083333333,4.505991556250001,-7.052043616942562,12,14,12,3UTR,MIRT048733,1,1
hsa-miR-96-5p,NM_001357857,ATXN1,TTTGGCACTAGCACATTTTTGCT#GGCGCTGACTCCCGCTAGTGTCAGGA#((((((((((((...........#.)))))))))))).,3700,3726,1.0,-18.1,1,8.997385e-05,0.353,0.9650498333333335,0.952091455,-7.052043616942562,12,14,12,3UTR,MIRT027935,1,1
hsa-miR-96-5p,NM_001369390,PRKAR1A,TTTGGCACTAGCACATTTTTGCT#CAAATTCCGATTAGACCTTTATCCAGCTAGTGCCAAAT#((((((((((((...........#.)))))))))))).,2004,2042,1.0,-21.3,1,0.01282786,0.647,0.0,0.0,-7.052043616942562,12,14,12,3UTR,MIRT048733,1,1
hsa-miR-96-5p,XM_047436369,PRKAR1A,TTTGGCACTAGCACATTTTTGCT#CAAATTCCGATTAGACCTTTATCCAGCTAGTGCCAAAT#((((((((((((...........#.)))))))))))).,2466,2504,1.0,-21.3,1,0.01282786,0.647,0.0,0.0,-7.052043616942562,12,14,12,3UTR,MIRT048733,1,1
hsa-miR-96-5p,NM_178010,SOX5,TTTGGCACTAGCACATTTTTGCT#CATCTTTGAGCAAGTGCCAAAT#(((((((((.((.((........#.)).)).))))))))).,1869,1891,1.0,-16.7,1,0.0002828597,0.618,3.0501478888888887,2.045579955,-6.702260607499699,13,17,9,3UTR,MIRT053393,1,1
hsa-miR-96-5p,NM_014674,EDEM1,TTTGGCACTAGCACATTTTTGCT#GGTTAGAGTTCTGTTTTGTTTCTGTTTTCTGTGTCTAGTGCCAAT#.((((((((((((((........#.)))).)))))))))).,3054,3099,1.0,-22.0,1,0.01937978,0.647,0.6246094986666666,0.38193689125,-4.026373917660731,14,17,10,3UTR,MIRT048731,1,1
hsa-miR-96-5p,NM_001195053,DDIT3,TTTGGCACTAGCACATTTTTGCT#CAGAAGTGGCTACTGACTACCCTCTCACTAGTGCCAAT#.(((((((((((.((((((((..#)))))))))))..................)))))))).,896,934,1.0,-20.2,1,0.009491997,0.471,1.4365485275862069,1.28254494375,-5.08245545002336,19,38,11,3UTR,MIRT027903,1,1
hsa-miR-96-5p,NM_001195056,DDIT3,TTTGGCACTAGCACATTTTTGCT#CAGAAGTGGCTACTGACTACCCTCTCACTAGTGCCAAT#.(((((((((((.((((((((..#)))))))))))..................)))))))).,1006,1044,1.0,-20.2,1,0.009491997,0.471,1.624160675862069,1.2930079162500001,-5.08245545002336,19,38,11,3UTR,MIRT027903,1,1
hsa-miR-96-5p,NM_001244990,PPP1R12A,TTTGGCACTAGCACATTTTTGCT#TGTGCTAGCCAAAG#((((((..(((((((........#))))))))))))).,4255,4269,1.0,-16.8,0,0.004642619,0.662,5.732323571428572,4.092124096250002,-8.027944990557229,13,14,13,3UTR,MIRT027917,1,1
hsa-miR-96-5p,NM_001244992,PPP1R12A,TTTGGCACTAGCACATTTTTGCT#TGTGCTAGCCAAAG#((((((..(((((((........#))))))))))))).,4084,4098,1.0,-16.8,0,0.004642619,0.662,2.150712,2.9926101549999995,-8.027944990557229,13,14,13,3UTR,MIRT027917,1,1
hsa-miR-96-5p,NM_001265614,SLC25A25,TTTGGCACTAGCACATTTTTGCT#AGCCTGGGGTGTGCAGCCATCTCATTCTGTGAATGTGCCAAC#.(((((((..(((((((((.(((#)))..)))))))))....................))))))).,1967,2009,1.0,-19.8,1,0.003365477,0.485,2.3880372222222217,2.15126499875,-6.09222096393106,19,42,9,3UTR,MIRT467855,1,1
hsa-miR-96-5p,NM_001270384,MIGA1,TTTGGCACTAGCACATTTTTGCT#GGCGGAGGTTGCAGTTAGCCGAGA#(((((((((.(((.(((((((((#)))))))))))))))..)))))).,5167,5191,1.0,-18.8,1,0.0003358745,0.368,0.0301889,-0.055907807124999986,-6.03692083205025,21,24,15,3UTR,MIRT557939,1,1
hsa-miR-96-5p,NM_001276270,MBD4,TTTGGCACTAGCACATTTTTGCT#AGCCTAGTGTGTGTGCTTTCTTAATGTGTGTGCCAAT#.(((((((..(((((((...((.#.))......)))))))))))))).,1953,1990,1.0,-18.7,1,0.07491666,0.574,2.1868565714285717,2.76463939375,-6.09222096393106,16,24,14,3UTR,MIRT501919,0,1
hsa-miR-96-5p,NM_001276272,MBD4,TTTGGCACTAGCACATTTTTGCT#AGCCTAGTGTGTGTGCTTTCTTAATGTGTGTGCCAAT#.(((((((..(((((((...((.#.))......)))))))))))))).,1918,1955,1.0,-18.7,1,0.07491666,0.574,2.1868565714285717,2.76463939375,-6.09222096393106,16,24,14,3UTR,MIRT501919,0,1
hsa-miR-96-5p,NM_001276273,MBD4,TTTGGCACTAGCACATTTTTGCT#AATGTGTGTGCCAAT#.(((((((..(((((((......#)))))))))))))).,1039,1054,1.0,-17.4,1,0.07491666,0.574,3.3416922857142857,3.1274849987499995,-6.09222096393106,14,15,14,3UTR,MIRT501919,0,1
hsa-miR-96-5p,NM_001276289,PRKAR1A,TTTGGCACTAGCACATTTTTGCT#CAAATTCCGATTAGACCTTTATCCAGCTAGTGCCAAAT#((((((((((((...........#.)))))))))))).,2169,2207,1.0,-21.3,1,0.01282786,0.647,0.3238034083333334,0.15491817749999998,-7.052043616942562,12,14,12,3UTR,MIRT048733,1,1
hsa-miR-96-5p,NM_001143885,PPP1R12A,TTTGGCACTAGCACATTTTTGCT#TGTGCTAGCCAAAG#((((((..(((((((........#))))))))))))).,4360,4374,1.0,-16.8,0,0.004642619,0.662,5.732323571428572,4.092124096250002,-8.027944990557229,13,14,13,3UTR,MIRT027917,1,1
hsa-miR-96-5p,NM_001143886,PPP1R12A,TTTGGCACTAGCACATTTTTGCT#TGTGCTAGCCAAAG#((((((..(((((((........#))))))))))))).,4110,4124,1.0,-16.8,0,0.004642619,0.662,4.140420542857142,4.765660070000001,-8.027944990557229,13,14,13,3UTR,MIRT027917,1,1
hsa-miR-96-5p,NM_002480,PPP1R12A,TTTGGCACTAGCACATTTTTGCT#TGTGCTAGCCAAAG#((((((..(((((((........#))))))))))))).,4398,4412,1.0,-16.8,0,0.004642619,0.662,0.0,0.0,-8.027944990557229,13,14,13,3UTR,MIRT027917,1,1
hsa-miR-96-5p,NM_002734,PRKAR1A,TTTGGCACTAGCACATTTTTGCT#CAAATTCCGATTAGACCTTTATCCAGCTAGTGCCAAAT#((((((((((((...........#.)))))))))))).,2036,2074,1.0,-21.3,1,0.01282786,0.647,0.0,0.0,-7.052043616942562,12,14,12,3UTR,MIRT048733,1,1
hsa-miR-96-5p,NM_004096,EIF4EBP2,TTTGGCACTAGCACATTTTTGCT#AAGATGTGCATAGCCAAAC#((((((....(((((((((....#)))))))))...)))))).,4391,4410,1.0,-17.1,0,0.02487036,0.559,0.0,0.0,-10.093792036827557,15,19,9,3UTR,MIRT658778,1,1
hsa-miR-96-5p,NM_212471,PRKAR1A,TTTGGCACTAGCACATTTTTGCT#CAAATTCCGATTAGACCTTTATCCAGCTAGTGCCAAAT#((((((((((((...........#.)))))))))))).,2060,2098,1.0,-21.3,1,0.01282786,0.647,0.0,0.0,-7.052043616942562,12,14,12,3UTR,MIRT048733,1,1
hsa-miR-96-5p,NM_212472,PRKAR1A,TTTGGCACTAGCACATTTTTGCT#CAAATTCCGATTAGACCTTTATCCAGCTAGTGCCAAAT#((((((((((((...........#.)))))))))))).,2118,2156,1.0,-21.3,1,0.01282786,0.647,0.22916971666666663,0.8472015825000001,-7.052043616942562,12,14,12,3UTR,MIRT048733,1,1
hsa-miR-96-5p,XM_011524984,PRKAR1A,TTTGGCACTAGCACATTTTTGCT#CAAATTCCGATTAGACCTTTATCCAGCTAGTGCCAAAT#((((((((((((...........#.)))))))))))).,2137,2175,1.0,-21.3,1,0.01282786,0.647,0.0,0.0,-7.052043616942562,12,14,12,3UTR,MIRT048733,1,1
hsa-miR-96-5p,NM_001135733,TP53INP1,TTTGGCACTAGCACATTTTTGCT#AGCTGTTCTTCACAGTGTTGGTGCTAAT#.(((((((((((((.........#.))))))))))))).,2462,2490,1.0,-19.9,1,0.01333576,0.471,0.23073016461538462,0.7382589372499999,-4.761823477911366,13,15,13,3UTR,MIRT733320,1,1
hsa-miR-96-5p,NM_001142275,NIPA1,TTTGGCACTAGCACATTTTTGCT#AGCAAAGGAAGTGCTGGGTGTA#....((((((((((.((((((((#))))))))..))))))).))).,5617,5639,1.0,-19.4,0,0.001205912,0.544,0.6623601818181818,0.23100093125000007,-10.282012028888563,18,22,8,3UTR,MIRT027921,1,1
hsa-miR-96-5p,NM_053056,CCND1,TTTGGCACTAGCACATTTTTGCT#GTGCTGTGTGCCC#...(((((((((((.........#)))))).))))).,3752,3765,1.0,-18.5,0,6.627597e-05,0.456,1.2691902833333335,1.4578799610000002,-7.483038834232987,11,13,6,3UTR,MIRT479790,0,1
hsa-miR-96-5p,NM_144599,NIPA1,TTTGGCACTAGCACATTTTTGCT#AGCAAAGGAAGTGCTGGGTGTA#....((((((((((.((((((((#))))))))..))))))).))).,5784,5806,1.0,-19.4,0,0.001205912,0.544,0.6623601818181818,0.23100093125000007,-10.282012028888563,18,22,8,3UTR,MIRT027921,1,1
hsa-miR-96-5p,NM_001291858,IGF1R,TTTGGCACTAGCACATTTTTGCT#GCAAATGTGTGTTTGTGATCCAT#..((((((.(((((((.(((((.#))))).))))))).)))..))).,10893,10916,1.0,-19.7,1,0.01120967,0.706,1.7849228571428573,2.31630249125,-6.013390377618052,18,23,7,3UTR,MIRT282640,1,1
hsa-miR-96-5p,NM_000332,ATXN1,TTTGGCACTAGCACATTTTTGCT#GGCGCTGACTCCCGCTAGTGTCAGGA#((((((((((((...........#.)))))))))))).,3700,3726,1.0,-18.1,1,8.997385e-05,0.353,0.0,0.0,-7.052043616942562,12,14,12,3UTR,MIRT027935,1,1
hsa-miR-96-5p,NM_001012754,NHLRC3,TTTGGCACTAGCACATTTTTGCT#AGCCCTGTACTCTGTATTCCAAGGCCATTGGTAAATGTGTTGGTGCCAC#..((((((((((((((..(((((#.))))))))))))))))))).,2627,2676,1.0,-25.3,1,0.001987336,0.559,0.0,0.0,-4.95700071937229,19,21,19,3UTR,MIRT027923,1,1
hsa-miR-96-5p,NM_001017370,NHLRC3,TTTGGCACTAGCACATTTTTGCT#AGCCCTGTACTCTGTATTCCAAGGCCATTGGTAAATGTGTTGGTGCCAC#..((((((((((((((..(((((#.))))))))))))))))))).,2426,2475,1.0,-25.3,1,0.001987336,0.559,0.0,0.0,-4.95700071937229,19,21,19,3UTR,MIRT027923,1,1
